0,1,2,3,4,5,6,7,8,9,10,11,12,13,14,15,16,17,18,19,20,21,22,23,24,25,26,27,28,29,30,31,32,33,34,35,36,37,38,39,40
-0.543597537244272,0.0,-0.5774538495673973,1.3731214662093065,-0.5823418447321571,-1.1574148520783236,-0.9225209475692981,1.448445875971735,0.0,0.0,0.0,0.0,0.0,0.0,0.0,1.0,0.0,0.0,0.0,0.0,1.0,0.0,0.0,0.0,0.0,0.0,0.0,0.0,1.0,0.0,0.0,0.0,0.0,1.0,0.0,0.0,0.0,0.0,0.0,0.0,1.0
1.9640019807967561,0.0,0.8780411729468938,-0.24010767212193718,0.894270097400227,0.40733054880009173,0.21483364532434868,-0.08409882485248607,0.0,0.0,0.0,0.0,1.0,0.0,0.0,0.0,0.0,0.0,0.0,0.0,0.0,1.0,0.0,0.0,0.0,0.0,0.0,0.0,0.0,0.0,1.0,0.0,0.0,1.0,0.0,0.0,0.0,0.0,0.0,1.0,0.0
1.9640019807967561,0.0,4.636517807867253,0.39293161031190293,4.6363688548590085,0.40733054880009173,1.920865534664819,0.654806655902049,0.0,0.0,0.0,0.0,1.0,0.0,0.0,0.0,0.0,0.0,0.0,0.0,0.0,1.0,0.0,0.0,0.0,0.0,0.0,0.0,0.0,0.0,1.0,0.0,0.0,1.0,0.0,0.0,1.0,0.0,0.0,0.0,0.0
0.1728594679103057,0.0,0.2793457797737393,-1.351443306884702,0.3076708327174991,0.40733054880009173,0.21483364532434868,-0.08409882485248607,0.0,0.0,0.0,0.0,1.0,0.0,0.0,0.0,0.0,0.0,0.0,0.0,0.0,1.0,0.0,0.0,0.0,0.0,0.0,0.0,0.0,0.0,1.0,0.0,0.0,1.0,0.0,0.0,0.0,0.0,0.0,1.0,0.0
0.5310879704876009,0.0,-0.5189147444571333,-0.24010767212193718,-0.5216591621787715,0.40733054880009173,-0.35384365112247473,0.1622030020656923,0.0,0.0,0.0,0.0,1.0,0.0,0.0,0.0,0.0,0.0,0.0,0.0,0.0,1.0,0.0,0.0,0.0,0.0,0.0,0.0,0.0,1.0,0.0,0.0,0.0,0.0,1.0,0.0,0.0,0.0,0.0,0.0,1.0
0.5310879704876009,0.0,-0.5189147444571333,-0.24010767212193718,-0.5216591621787715,0.40733054880009173,-0.35384365112247473,0.1622030020656923,0.0,0.0,0.0,0.0,1.0,0.0,0.0,0.0,0.0,0.0,0.0,0.0,0.0,1.0,0.0,0.0,0.0,0.0,0.0,0.0,0.0,1.0,0.0,0.0,0.0,0.0,1.0,0.0,0.0,0.0,0.0,1.0,0.0
-0.18536903466698312,0.0,-0.5521755996334197,-1.2403097410079404,-0.5540232595405772,0.40733054880009173,-0.35384365112247473,0.0527355234353908,0.0,0.0,0.0,0.0,1.0,0.0,0.0,0.0,0.0,0.0,0.0,0.0,0.0,0.0,1.0,0.0,0.0,0.0,0.0,1.0,0.0,0.0,0.0,0.0,1.0,0.0,0.0,0.0,0.0,0.0,0.0,1.0,0.0
-0.543597537244272,0.0,-0.5189147444571333,-0.24010767212193718,-0.5216591621787715,-1.1574148520783236,-0.9225209475692981,1.448445875971735,0.0,0.0,0.0,0.0,1.0,0.0,0.0,0.0,0.0,0.0,0.0,0.0,0.0,1.0,0.0,0.0,0.0,0.0,0.0,0.0,0.0,0.0,1.0,0.0,0.0,1.0,0.0,0.0,0.0,0.0,0.0,0.0,1.0
-0.9018260398215607,0.0,1.376954000591189,-0.24010767212193718,1.3999591186784408,-1.1574148520783236,-0.9225209475692981,0.025368653777815425,0.0,0.0,0.0,0.0,1.0,0.0,0.0,0.0,0.0,0.0,0.0,0.0,0.0,1.0,0.0,0.0,0.0,0.0,0.0,0.0,0.0,0.0,1.0,0.0,0.0,1.0,0.0,0.0,0.0,0.0,0.0,0.0,1.0
0.5310879704876009,0.0,-0.41913217892827426,-0.24010767212193718,-0.4205213579231287,0.40733054880009173,0.21483364532434868,0.3537710896687199,0.0,0.0,0.0,0.0,1.0,0.0,0.0,0.0,0.0,0.0,0.0,0.0,0.0,1.0,0.0,0.0,0.0,0.0,0.0,0.0,0.0,1.0,0.0,0.0,0.0,0.0,1.0,0.0,0.0,0.0,0.0,1.0,0.0
-0.543597537244272,0.0,0.9778237384757529,-0.24010767212193718,0.9954079016558698,0.40733054880009173,-0.9225209475692981,-0.1661994338252122,0.0,0.0,0.0,0.0,1.0,0.0,0.0,0.0,0.0,0.0,0.0,0.0,0.0,1.0,0.0,0.0,0.0,0.0,0.0,0.0,0.0,1.0,0.0,0.0,0.0,0.0,1.0,0.0,0.0,0.0,0.0,1.0,0.0
-0.18536903466698312,0.0,-0.119784482341697,1.7602964596488542,-0.13733550600732902,-1.1574148520783236,-0.35384365112247473,-1.7808447436221593,0.0,0.0,0.0,0.0,1.0,0.0,0.0,0.0,0.0,0.0,0.0,0.0,0.0,0.0,1.0,0.0,0.0,0.0,0.0,1.0,0.0,0.0,0.0,0.0,1.0,0.0,0.0,0.0,0.0,0.0,0.0,1.0,0.0
-0.543597537244272,0.0,-0.2860887582231288,0.5600539793861364,-0.291064968475906,-1.1574148520783236,-0.9225209475692981,-0.521968739373692,1.0,0.0,0.0,0.0,0.0,0.0,0.0,0.0,0.0,0.0,1.0,0.0,0.0,0.0,0.0,0.0,0.0,0.0,0.0,0.0,1.0,0.0,0.0,0.0,0.0,1.0,0.0,0.0,0.0,0.0,0.0,0.0,1.0
-0.543597537244272,0.0,-0.5787842837744488,-0.24010767212193718,-0.5823418447321571,-1.1574148520783236,-0.35384365112247473,-1.8082116132797348,0.0,0.0,0.0,0.0,1.0,0.0,0.0,0.0,0.0,0.0,0.0,0.0,0.0,1.0,0.0,0.0,0.0,0.0,0.0,0.0,0.0,0.0,1.0,0.0,0.0,1.0,0.0,0.0,0.0,0.0,0.0,1.0,0.0
-0.18536903466698312,0.0,-0.31934961339941514,-0.24010767212193718,-0.31938355366748594,0.40733054880009173,-0.35384365112247473,-0.1388325641676368,0.0,0.0,0.0,0.0,0.0,1.0,0.0,0.0,0.0,0.0,0.0,0.0,0.0,0.0,0.0,0.0,1.0,0.0,0.0,1.0,0.0,0.0,0.0,0.0,1.0,0.0,0.0,0.0,0.0,0.0,0.0,0.0,1.0
0.5310879704876009,0.0,-0.5189147444571333,-0.24010767212193718,-0.5216591621787715,-1.1574148520783236,-1.4911982440161216,-0.19356630348278758,0.0,0.0,0.0,0.0,0.0,0.0,1.0,0.0,0.0,0.0,0.0,0.0,0.0,0.0,0.0,0.0,1.0,0.0,0.0,0.0,0.0,0.0,1.0,0.0,0.0,1.0,0.0,0.0,0.0,0.0,0.0,0.0,1.0
-0.18536903466698312,0.0,-0.41913217892827426,-0.24010767212193718,-0.4205213579231287,-1.1574148520783236,-0.35384365112247473,-0.2756669124555137,0.0,0.0,0.0,0.0,1.0,0.0,0.0,0.0,0.0,0.0,0.0,0.0,0.0,1.0,0.0,0.0,0.0,0.0,0.0,0.0,0.0,0.0,1.0,0.0,0.0,1.0,0.0,0.0,0.0,0.0,0.0,1.0,0.0
0.1728594679103057,0.0,-0.41913217892827426,-0.24010767212193718,-0.4205213579231287,0.40733054880009173,1.920865534664819,0.21693674138084304,0.0,0.0,0.0,0.0,1.0,0.0,0.0,0.0,0.0,0.0,0.0,0.0,0.0,1.0,0.0,0.0,0.0,0.0,0.0,0.0,0.0,0.0,1.0,0.0,0.0,1.0,0.0,0.0,0.0,1.0,0.0,0.0,0.0
-1.2600545423988496,0.0,-0.5255669154923905,-1.2403097410079404,-0.5265137767830423,-1.1574148520783236,-1.4911982440161216,-0.1661994338252122,0.0,0.0,0.0,0.0,1.0,0.0,0.0,0.0,0.0,0.0,0.0,0.0,0.0,0.0,1.0,0.0,0.0,0.0,0.0,1.0,0.0,0.0,0.0,0.0,1.0,0.0,0.0,0.0,0.0,0.0,0.0,1.0,0.0
-0.18536903466698312,0.0,0.8780411729468938,-0.24010767212193718,0.894270097400227,1.972075949678507,0.21483364532434868,0.9558422221353782,0.0,0.0,0.0,0.0,1.0,0.0,0.0,0.0,0.0,0.0,0.0,0.0,0.0,1.0,0.0,0.0,0.0,0.0,0.0,0.0,0.0,0.0,1.0,0.0,0.0,1.0,0.0,0.0,0.0,0.0,0.0,1.0,0.0
0.8893164730648897,0.0,0.3791283453025984,-0.24010767212193718,0.3885810761220133,0.40733054880009173,0.21483364532434868,-0.30303378211308907,0.0,0.0,0.0,0.0,1.0,0.0,0.0,0.0,0.0,0.0,0.0,0.0,0.0,1.0,0.0,0.0,0.0,0.0,0.0,0.0,0.0,0.0,1.0,0.0,0.0,1.0,0.0,0.0,0.0,0.0,0.0,1.0,0.0
0.1728594679103057,0.0,-0.5189147444571333,-0.24010767212193718,-0.5216591621787715,0.40733054880009173,1.920865534664819,1.010575961450529,0.0,0.0,0.0,0.0,1.0,0.0,0.0,0.0,0.0,0.0,0.0,0.0,0.0,1.0,0.0,0.0,0.0,0.0,0.0,0.0,0.0,0.0,1.0,0.0,0.0,1.0,0.0,0.0,0.0,1.0,0.0,0.0,0.0
-0.543597537244272,0.0,-0.5189147444571333,-0.24010767212193718,-0.5216591621787715,-1.1574148520783236,-0.35384365112247473,-2.0271465705403378,0.0,0.0,0.0,0.0,1.0,0.0,0.0,0.0,0.0,0.0,0.0,0.0,0.0,1.0,0.0,0.0,0.0,0.0,0.0,0.0,0.0,0.0,1.0,1.0,0.0,0.0,0.0,0.0,0.0,0.0,0.0,1.0,0.0
0.8893164730648897,0.0,-0.2195670478705561,-0.7402087095655453,-0.21420023724161752,0.40733054880009173,-0.35384365112247473,-0.1388325641676368,0.0,0.0,0.0,0.0,1.0,0.0,0.0,0.0,0.0,0.0,0.0,0.0,0.0,1.0,0.0,0.0,0.0,0.0,0.0,0.0,0.0,0.0,1.0,0.0,0.0,1.0,0.0,0.0,0.0,0.0,0.0,1.0,0.0
0.8893164730648897,0.0,0.30595446391476844,-0.31206465730834765,0.3157618570579505,0.40733054880009173,0.21483364532434868,-0.08409882485248607,0.0,0.0,0.0,0.0,1.0,0.0,0.0,0.0,0.0,0.0,0.0,0.0,0.0,1.0,0.0,0.0,0.0,0.0,0.0,0.0,0.0,0.0,1.0,0.0,0.0,1.0,0.0,0.0,0.0,0.0,0.0,1.0,0.0
-1.6182830449761447,0.0,-0.5189147444571333,-0.24010767212193718,-0.5216591621787715,-1.1574148520783236,-0.35384365112247473,-1.7808447436221593,0.0,0.0,0.0,1.0,0.0,0.0,0.0,0.0,0.0,0.0,0.0,0.0,0.0,0.0,0.0,0.0,0.0,0.0,1.0,0.0,0.0,1.0,0.0,0.0,0.0,0.0,1.0,0.0,0.0,0.0,0.0,1.0,0.0
0.5310879704876009,0.0,-0.41913217892827426,-0.24010767212193718,-0.4205213579231287,0.40733054880009173,-0.35384365112247473,0.1622030020656923,0.0,0.0,0.0,0.0,1.0,0.0,0.0,0.0,0.0,0.0,0.0,0.0,0.0,1.0,0.0,0.0,0.0,0.0,0.0,0.0,0.0,1.0,0.0,0.0,0.0,0.0,1.0,0.0,0.0,0.0,0.0,0.0,1.0
-0.18536903466698312,0.0,-0.5189147444571333,-0.24010767212193718,-0.5216591621787715,-1.1574148520783236,-0.9225209475692981,0.025368653777815425,0.0,0.0,0.0,0.0,0.0,1.0,0.0,0.0,0.0,0.0,0.0,0.0,0.0,0.0,0.0,0.0,1.0,0.0,0.0,1.0,0.0,0.0,0.0,0.0,1.0,0.0,0.0,0.0,0.0,0.0,0.0,0.0,1.0
-0.543597537244272,0.0,-0.41913217892827426,-2.2405118098939427,-0.4124303335826773,0.40733054880009173,-0.9225209475692981,-0.19356630348278758,0.0,0.0,0.0,0.0,1.0,0.0,0.0,0.0,0.0,0.0,0.0,0.0,0.0,1.0,0.0,0.0,0.0,0.0,0.0,0.0,0.0,1.0,0.0,0.0,0.0,0.0,1.0,0.0,0.0,0.0,0.0,1.0,0.0
1.9640019807967561,0.0,-0.2195670478705561,-0.24010767212193718,-0.21824574941184322,-1.1574148520783236,1.920865534664819,1.2568777883687072,0.0,0.0,0.0,0.0,1.0,0.0,0.0,0.0,0.0,0.0,0.0,0.0,0.0,1.0,0.0,0.0,0.0,0.0,0.0,0.0,0.0,0.0,1.0,0.0,0.0,1.0,0.0,0.0,1.0,0.0,0.0,0.0,0.0
-0.18536903466698312,0.0,-0.5787842837744488,-0.24010767212193718,-0.5823418447321571,-1.1574148520783236,-1.4911982440161216,0.10746926275054156,0.0,0.0,0.0,0.0,0.0,0.0,0.0,0.0,1.0,0.0,0.0,0.0,1.0,0.0,0.0,0.0,0.0,0.0,0.0,0.0,1.0,0.0,0.0,0.0,0.0,1.0,0.0,0.0,0.0,0.0,0.0,0.0,1.0
-0.543597537244272,0.0,-0.5189147444571333,-0.24010767212193718,-0.5216591621787715,0.40733054880009173,-0.35384365112247473,0.21693674138084304,0.0,0.0,0.0,0.0,1.0,0.0,0.0,0.0,0.0,0.0,0.0,0.0,0.0,1.0,0.0,0.0,0.0,0.0,0.0,0.0,0.0,0.0,1.0,0.0,0.0,1.0,0.0,0.0,0.0,0.0,0.0,0.0,1.0
0.5310879704876009,0.0,-0.41913217892827426,-0.24010767212193718,-0.4205213579231287,0.40733054880009173,-0.35384365112247473,0.1622030020656923,0.0,0.0,0.0,0.0,1.0,0.0,0.0,0.0,0.0,0.0,0.0,0.0,0.0,1.0,0.0,0.0,0.0,0.0,0.0,0.0,0.0,1.0,0.0,0.0,0.0,0.0,1.0,0.0,0.0,0.0,0.0,0.0,1.0
0.1728594679103057,0.0,-0.412480007893017,1.3731214662093065,-0.4205213579231287,0.40733054880009173,1.920865534664819,0.7642741345323506,0.0,0.0,0.0,0.0,1.0,0.0,0.0,0.0,0.0,0.0,0.0,0.0,0.0,1.0,0.0,0.0,0.0,0.0,0.0,0.0,0.0,0.0,1.0,0.0,0.0,1.0,0.0,0.0,0.0,1.0,0.0,0.0,0.0
0.1728594679103057,0.0,0.3791283453025984,-0.24010767212193718,0.3885810761220133,0.40733054880009173,0.21483364532434868,0.2443036110384184,0.0,0.0,0.0,0.0,1.0,0.0,0.0,0.0,0.0,0.0,0.0,0.0,0.0,1.0,0.0,0.0,0.0,0.0,0.0,0.0,0.0,0.0,1.0,0.0,0.0,1.0,0.0,0.0,0.0,0.0,0.0,1.0,0.0
-0.18536903466698312,0.0,0.3791283453025984,-0.24010767212193718,0.3885810761220133,0.40733054880009173,0.21483364532434868,1.448445875971735,0.0,0.0,0.0,0.0,1.0,0.0,0.0,0.0,0.0,0.0,0.0,0.0,0.0,1.0,0.0,0.0,0.0,0.0,0.0,0.0,0.0,0.0,1.0,0.0,0.0,1.0,0.0,0.0,0.0,0.0,0.0,0.0,1.0
0.5310879704876009,0.0,-0.41913217892827426,-0.24010767212193718,-0.4205213579231287,0.40733054880009173,-0.35384365112247473,-0.1388325641676368,0.0,0.0,0.0,0.0,1.0,0.0,0.0,0.0,0.0,0.0,0.0,0.0,0.0,1.0,0.0,0.0,0.0,0.0,0.0,0.0,0.0,1.0,0.0,0.0,0.0,0.0,1.0,0.0,0.0,0.0,0.0,0.0,1.0
-1.2600545423988496,0.0,-0.41913217892827426,-0.24010767212193718,-0.4205213579231287,-1.1574148520783236,-0.35384365112247473,-1.7808447436221593,0.0,0.0,0.0,0.0,1.0,0.0,0.0,0.0,0.0,0.0,0.0,0.0,0.0,0.0,1.0,0.0,0.0,0.0,0.0,1.0,0.0,0.0,0.0,0.0,1.0,0.0,0.0,0.0,0.0,0.0,0.0,1.0,0.0
0.1728594679103057,0.0,-0.548849514115791,1.1887524228573734,-0.5540232595405772,-1.1574148520783236,-0.35384365112247473,0.2716704806959938,0.0,0.0,0.0,0.0,1.0,0.0,0.0,0.0,0.0,0.0,0.0,0.0,0.0,1.0,0.0,0.0,0.0,0.0,0.0,0.0,0.0,0.0,1.0,0.0,0.0,1.0,0.0,0.0,0.0,0.0,1.0,0.0,0.0
-1.2600545423988496,0.0,-0.5122625734218761,-0.8652339659258411,-0.51356813783832,0.40733054880009173,-0.35384365112247473,0.1622030020656923,0.0,0.0,0.0,0.0,1.0,0.0,0.0,0.0,0.0,0.0,0.0,0.0,0.0,0.0,1.0,0.0,0.0,0.0,0.0,1.0,0.0,0.0,0.0,0.0,1.0,0.0,0.0,0.0,0.0,0.0,0.0,1.0,0.0
0.8893164730648897,0.0,-0.119784482341697,-0.24010767212193718,-0.11710794515620046,0.40733054880009173,0.21483364532434868,-0.2756669124555137,0.0,0.0,0.0,0.0,1.0,0.0,0.0,0.0,0.0,0.0,0.0,0.0,0.0,1.0,0.0,0.0,0.0,0.0,0.0,0.0,0.0,0.0,1.0,0.0,0.0,1.0,0.0,0.0,0.0,0.0,0.0,1.0,0.0
0.5310879704876009,0.0,-0.5189147444571333,-0.24010767212193718,-0.5216591621787715,0.40733054880009173,-0.35384365112247473,-0.1388325641676368,0.0,0.0,0.0,0.0,1.0,0.0,0.0,0.0,0.0,0.0,0.0,0.0,0.0,1.0,0.0,0.0,0.0,0.0,0.0,0.0,0.0,1.0,0.0,0.0,0.0,0.0,1.0,0.0,0.0,0.0,0.0,0.0,1.0
0.8893164730648897,0.0,2.2417362351746344,0.9229179833722009,2.2090615527235826,0.40733054880009173,2.4895428311116423,0.8190078738475013,0.0,0.0,0.0,0.0,1.0,0.0,0.0,0.0,0.0,0.0,0.0,0.0,0.0,1.0,0.0,0.0,0.0,0.0,0.0,0.0,0.0,0.0,1.0,0.0,0.0,1.0,0.0,0.0,0.0,1.0,0.0,0.0,0.0
-0.543597537244272,0.0,-0.5771212410156344,0.8001024754386791,-0.581532742298112,0.40733054880009173,-0.35384365112247473,0.1622030020656923,0.0,0.0,0.0,0.0,1.0,0.0,0.0,0.0,0.0,0.0,0.0,0.0,0.0,1.0,0.0,0.0,0.0,0.0,0.0,0.0,0.0,1.0,0.0,0.0,0.0,0.0,1.0,0.0,0.0,0.0,1.0,0.0,0.0
0.5310879704876009,0.0,0.7782586074180348,-0.24010767212193718,0.7931322931445842,0.40733054880009173,-0.35384365112247473,0.1622030020656923,0.0,0.0,0.0,0.0,1.0,0.0,0.0,0.0,0.0,0.0,0.0,0.0,0.0,1.0,0.0,0.0,0.0,0.0,0.0,0.0,0.0,1.0,0.0,0.0,0.0,0.0,1.0,0.0,0.0,0.0,0.0,0.0,1.0
1.9640019807967561,0.0,4.56999609751468,-0.24010767212193718,4.6363688548590085,-1.1574148520783236,1.920865534664819,1.2568777883687072,0.0,0.0,0.0,0.0,1.0,0.0,0.0,0.0,0.0,0.0,0.0,0.0,0.0,1.0,0.0,0.0,0.0,0.0,0.0,0.0,0.0,0.0,1.0,0.0,0.0,1.0,0.0,0.0,1.0,0.0,0.0,0.0,0.0
-1.6182830449761447,0.0,-0.5521755996334197,-0.6401885008765815,-0.5548323619746223,-1.1574148520783236,-1.4911982440161216,-4.654366057667573,0.0,0.0,0.0,0.0,0.0,1.0,0.0,0.0,0.0,0.0,0.0,0.0,0.0,0.0,0.0,1.0,0.0,0.0,0.0,0.0,0.0,1.0,0.0,0.0,0.0,0.0,1.0,0.0,0.0,0.0,0.0,1.0,0.0
1.9640019807967561,0.0,0.7782586074180348,-0.24010767212193718,0.7931322931445842,0.40733054880009173,0.21483364532434868,1.010575961450529,0.0,0.0,0.0,0.0,1.0,0.0,0.0,0.0,0.0,0.0,0.0,0.0,0.0,1.0,0.0,0.0,0.0,0.0,0.0,0.0,0.0,0.0,1.0,0.0,0.0,1.0,0.0,0.0,0.0,0.0,0.0,1.0,0.0
-0.543597537244272,0.0,-0.31934961339941514,-0.24010767212193718,-0.31938355366748594,-1.1574148520783236,-0.35384365112247473,-1.8082116132797348,0.0,0.0,0.0,0.0,1.0,0.0,0.0,0.0,0.0,0.0,0.0,0.0,0.0,1.0,0.0,0.0,0.0,0.0,0.0,0.0,0.0,0.0,1.0,0.0,0.0,1.0,0.0,0.0,0.0,0.0,0.0,1.0,0.0
0.1728594679103057,0.0,-0.41913217892827426,-0.24010767212193718,-0.4205213579231287,0.40733054880009173,0.21483364532434868,0.1622030020656923,0.0,0.0,0.0,0.0,1.0,0.0,0.0,0.0,0.0,0.0,0.0,0.0,0.0,1.0,0.0,0.0,0.0,0.0,0.0,0.0,0.0,0.0,1.0,0.0,0.0,1.0,0.0,0.0,0.0,0.0,1.0,0.0,0.0
0.5310879704876009,0.0,-0.41913217892827426,0.760094390762851,-0.4245668700933544,0.40733054880009173,-0.35384365112247473,0.1622030020656923,0.0,0.0,0.0,0.0,1.0,0.0,0.0,0.0,0.0,0.0,0.0,0.0,0.0,1.0,0.0,0.0,0.0,0.0,0.0,0.0,0.0,1.0,0.0,0.0,0.0,0.0,1.0,0.0,0.0,0.0,0.0,0.0,1.0
-0.18536903466698312,0.0,-0.5774538495673973,1.3731214662093065,-0.5823418447321571,0.40733054880009173,-0.35384365112247473,-0.1388325641676368,0.0,0.0,0.0,0.0,0.0,1.0,0.0,0.0,0.0,0.0,0.0,0.0,0.0,0.0,0.0,0.0,1.0,0.0,0.0,1.0,0.0,0.0,0.0,0.0,1.0,0.0,0.0,0.0,0.0,0.0,0.0,0.0,1.0
1.9640019807967561,0.0,1.1108671591808983,0.7216250829600571,1.0965457059115125,0.40733054880009173,0.21483364532434868,-0.08409882485248607,0.0,0.0,0.0,0.0,1.0,0.0,0.0,0.0,0.0,0.0,0.0,0.0,0.0,1.0,0.0,0.0,0.0,0.0,0.0,0.0,0.0,0.0,1.0,0.0,0.0,1.0,0.0,0.0,0.0,0.0,0.0,1.0,0.0
-0.543597537244272,0.0,-0.412480007893017,0.5987714793302131,-0.41728494818694817,-1.1574148520783236,-0.35384365112247473,0.0527355234353908,0.0,0.0,0.0,0.0,1.0,0.0,0.0,0.0,0.0,0.0,0.0,0.0,0.0,1.0,0.0,0.0,0.0,0.0,0.0,0.0,0.0,1.0,0.0,0.0,0.0,0.0,1.0,0.0,0.0,0.0,0.0,1.0,0.0
-0.543597537244272,0.0,-0.5189147444571333,1.7602964596488542,-0.5257046743489971,0.40733054880009173,-0.35384365112247473,0.21693674138084304,0.0,0.0,0.0,0.0,1.0,0.0,0.0,0.0,0.0,0.0,0.0,0.0,0.0,1.0,0.0,0.0,0.0,0.0,0.0,0.0,1.0,0.0,0.0,0.0,0.0,1.0,0.0,0.0,0.0,0.0,0.0,0.0,1.0
-1.6182830449761447,0.0,-0.5521755996334197,-1.2403097410079404,-0.5540232595405772,-1.1574148520783236,-0.9225209475692981,-0.6314362180039935,0.0,0.0,1.0,0.0,0.0,0.0,0.0,0.0,0.0,0.0,0.0,0.0,0.0,0.0,0.0,0.0,0.0,0.0,1.0,0.0,0.0,1.0,0.0,0.0,0.0,0.0,1.0,0.0,0.0,0.0,0.0,1.0,0.0
0.5310879704876009,0.0,-0.4790017182455897,1.1887524228573734,-0.4852495526467401,0.40733054880009173,-0.35384365112247473,0.7642741345323506,0.0,0.0,0.0,0.0,1.0,0.0,0.0,0.0,0.0,0.0,0.0,0.0,0.0,1.0,0.0,0.0,0.0,0.0,0.0,0.0,0.0,0.0,1.0,0.0,0.0,1.0,0.0,0.0,0.0,0.0,1.0,0.0,0.0
0.1728594679103057,0.0,-0.5521755996334197,-1.2403097410079404,-0.5540232595405772,0.40733054880009173,-0.35384365112247473,0.18956987172326767,0.0,0.0,0.0,0.0,1.0,0.0,0.0,0.0,0.0,0.0,0.0,0.0,0.0,1.0,0.0,0.0,0.0,0.0,0.0,0.0,0.0,0.0,1.0,0.0,0.0,1.0,0.0,0.0,0.0,0.0,0.0,1.0,0.0
-1.6182830449761447,0.0,-0.31934961339941514,-0.24010767212193718,-0.31938355366748594,-1.1574148520783236,-0.35384365112247473,-1.7808447436221593,0.0,0.0,0.0,1.0,0.0,0.0,0.0,0.0,0.0,0.0,0.0,0.0,0.0,0.0,0.0,0.0,0.0,0.0,1.0,0.0,0.0,1.0,0.0,0.0,0.0,0.0,1.0,0.0,0.0,0.0,0.0,0.0,1.0
-1.6182830449761447,0.0,-0.6037299251566636,4.427501968676578,-0.6090422250556469,-7.416396455591985,-3.197230133356592,0.0527355234353908,0.0,1.0,0.0,0.0,0.0,0.0,0.0,0.0,0.0,0.0,0.0,0.0,0.0,0.0,0.0,0.0,0.0,1.0,0.0,0.0,0.0,1.0,0.0,0.0,0.0,0.0,1.0,0.0,0.0,0.0,0.0,1.0,0.0
-0.18536903466698312,0.0,-0.43908869203404605,-0.24010767212193718,-0.44074891877425726,-1.1574148520783236,-1.4911982440161216,0.10746926275054156,0.0,0.0,0.0,0.0,0.0,0.0,0.0,0.0,1.0,0.0,0.0,0.0,1.0,0.0,0.0,0.0,0.0,0.0,0.0,0.0,1.0,0.0,0.0,0.0,0.0,1.0,0.0,0.0,0.0,0.0,0.0,0.0,1.0
-1.6182830449761447,0.0,-0.5787842837744488,-0.24010767212193718,-0.5823418447321571,0.40733054880009173,-0.9225209475692981,-2.0818803098554883,0.0,0.0,1.0,0.0,0.0,0.0,0.0,0.0,0.0,0.0,0.0,0.0,0.0,0.0,0.0,0.0,0.0,0.0,1.0,0.0,0.0,1.0,0.0,0.0,0.0,0.0,1.0,0.0,0.0,0.0,1.0,0.0,0.0
0.5310879704876009,0.0,-0.5189147444571333,-0.24010767212193718,-0.5216591621787715,0.40733054880009173,0.21483364532434868,0.18956987172326767,0.0,0.0,0.0,0.0,1.0,0.0,0.0,0.0,0.0,0.0,0.0,0.0,0.0,1.0,0.0,0.0,0.0,0.0,0.0,0.0,0.0,1.0,0.0,0.0,0.0,0.0,1.0,0.0,0.0,0.0,0.0,1.0,0.0
-0.543597537244272,0.0,-0.5189147444571333,1.7602964596488542,-0.5257046743489971,-1.1574148520783236,-0.9225209475692981,1.448445875971735,0.0,0.0,0.0,0.0,0.0,0.0,0.0,1.0,0.0,0.0,0.0,0.0,1.0,0.0,0.0,0.0,0.0,0.0,0.0,0.0,1.0,0.0,0.0,0.0,0.0,1.0,0.0,0.0,0.0,0.0,0.0,0.0,1.0
0.1728594679103057,0.0,0.4789109108314575,-0.24010767212193718,0.48971888037765604,0.40733054880009173,0.21483364532434868,0.1622030020656923,0.0,0.0,0.0,0.0,1.0,0.0,0.0,0.0,0.0,0.0,0.0,0.0,0.0,1.0,0.0,0.0,0.0,0.0,0.0,0.0,0.0,0.0,1.0,0.0,0.0,1.0,0.0,0.0,0.0,0.0,0.0,1.0,0.0
-1.2600545423988496,0.0,-0.5322190865276478,2.6835599069280547,-0.5402685181618097,0.40733054880009173,-0.35384365112247473,0.1622030020656923,0.0,0.0,0.0,0.0,1.0,0.0,0.0,0.0,0.0,0.0,0.0,0.0,0.0,0.0,1.0,0.0,0.0,0.0,0.0,1.0,0.0,0.0,0.0,0.0,1.0,0.0,0.0,0.0,0.0,0.0,1.0,0.0,0.0
-0.18536903466698312,0.0,-0.5189147444571333,-0.24010767212193718,-0.5216591621787715,-1.1574148520783236,-0.9225209475692981,0.025368653777815425,0.0,0.0,0.0,0.0,0.0,1.0,0.0,0.0,0.0,0.0,0.0,0.0,0.0,0.0,0.0,0.0,1.0,0.0,0.0,1.0,0.0,0.0,0.0,0.0,1.0,0.0,0.0,0.0,0.0,0.0,0.0,0.0,1.0
1.9640019807967561,0.0,2.175214524822062,-0.24010767212193718,2.2090615527235826,0.40733054880009173,1.920865534664819,1.1200434400808303,0.0,0.0,0.0,0.0,1.0,0.0,0.0,0.0,0.0,0.0,0.0,0.0,0.0,1.0,0.0,0.0,0.0,0.0,0.0,0.0,0.0,0.0,1.0,0.0,0.0,1.0,0.0,1.0,0.0,0.0,0.0,0.0,0.0
0.8893164730648897,0.0,-0.41913217892827426,-0.24010767212193718,-0.4205213579231287,0.40733054880009173,1.920865534664819,0.8463747435050767,0.0,0.0,0.0,0.0,1.0,0.0,0.0,0.0,0.0,0.0,0.0,0.0,0.0,1.0,0.0,0.0,0.0,0.0,0.0,0.0,0.0,0.0,1.0,0.0,0.0,1.0,0.0,0.0,0.0,1.0,0.0,0.0,0.0
-0.18536903466698312,0.0,-0.5787842837744488,-0.24010767212193718,-0.5823418447321571,-1.1574148520783236,-0.35384365112247473,-1.7808447436221593,0.0,0.0,0.0,0.0,1.0,0.0,0.0,0.0,0.0,0.0,0.0,0.0,0.0,0.0,1.0,0.0,0.0,0.0,0.0,1.0,0.0,0.0,0.0,0.0,1.0,0.0,0.0,0.0,0.0,0.0,0.0,1.0,0.0
0.5310879704876009,0.0,-0.41913217892827426,-0.24010767212193718,-0.4205213579231287,-1.1574148520783236,-0.35384365112247473,0.654806655902049,0.0,0.0,0.0,0.0,0.0,0.0,1.0,0.0,0.0,1.0,0.0,0.0,0.0,0.0,0.0,0.0,0.0,0.0,0.0,1.0,0.0,0.0,0.0,0.0,1.0,0.0,0.0,0.0,0.0,0.0,0.0,0.0,1.0
0.8893164730648897,0.0,0.3491935756439407,-0.4669576297257235,0.36268979823256875,0.40733054880009173,0.21483364532434868,-0.19356630348278758,0.0,0.0,0.0,0.0,1.0,0.0,0.0,0.0,0.0,0.0,0.0,0.0,0.0,1.0,0.0,0.0,0.0,0.0,0.0,0.0,0.0,0.0,1.0,0.0,0.0,1.0,0.0,0.0,0.0,0.0,0.0,1.0,0.0
1.9640019807967561,0.0,0.9778237384757529,-0.24010767212193718,0.9954079016558698,1.972075949678507,0.7835109417711721,-0.6314362180039935,0.0,0.0,0.0,0.0,1.0,0.0,0.0,0.0,0.0,0.0,0.0,0.0,0.0,1.0,0.0,0.0,0.0,0.0,0.0,0.0,0.0,0.0,1.0,0.0,0.0,1.0,0.0,0.0,0.0,0.0,0.0,1.0,0.0
-1.2600545423988496,0.0,-0.5122625734218761,-0.8652339659258411,-0.51356813783832,-1.1574148520783236,-1.4911982440161216,-0.1388325641676368,0.0,0.0,0.0,0.0,1.0,0.0,0.0,0.0,0.0,0.0,0.0,0.0,0.0,0.0,1.0,0.0,0.0,0.0,0.0,1.0,0.0,0.0,0.0,0.0,1.0,0.0,0.0,0.0,0.0,0.0,0.0,1.0,0.0
0.1728594679103057,0.0,-0.2195670478705561,-0.24010767212193718,-0.21824574941184322,0.40733054880009173,-0.35384365112247473,0.18956987172326767,0.0,0.0,0.0,0.0,1.0,0.0,0.0,0.0,0.0,0.0,0.0,0.0,0.0,1.0,0.0,0.0,0.0,0.0,0.0,0.0,0.0,0.0,1.0,0.0,0.0,1.0,0.0,0.0,0.0,0.0,0.0,1.0,0.0
-1.6182830449761447,0.0,-0.5521755996334197,-1.2403097410079404,-0.5540232595405772,-1.1574148520783236,-0.9225209475692981,-0.6314362180039935,0.0,0.0,1.0,0.0,0.0,0.0,0.0,0.0,0.0,0.0,0.0,0.0,0.0,0.0,0.0,0.0,0.0,0.0,1.0,0.0,0.0,1.0,0.0,0.0,0.0,0.0,1.0,0.0,0.0,0.0,0.0,1.0,0.0
-1.6182830449761447,0.0,-0.5455234285981624,3.396990752552891,-0.5540232595405772,-1.1574148520783236,-1.4911982440161216,-1.83557848293731,0.0,0.0,0.0,0.0,0.0,1.0,0.0,0.0,0.0,0.0,0.0,0.0,0.0,0.0,0.0,1.0,0.0,0.0,0.0,0.0,0.0,1.0,0.0,0.0,0.0,0.0,1.0,0.0,0.0,0.0,0.0,1.0,0.0
-0.543597537244272,0.0,-0.5189147444571333,1.7602964596488542,-0.5257046743489971,-1.1574148520783236,-0.9225209475692981,1.448445875971735,0.0,0.0,0.0,0.0,0.0,0.0,0.0,1.0,0.0,0.0,0.0,0.0,1.0,0.0,0.0,0.0,0.0,0.0,0.0,0.0,1.0,0.0,0.0,0.0,0.0,1.0,0.0,0.0,0.0,0.0,0.0,0.0,1.0
-0.18536903466698312,0.0,-0.41913217892827426,-0.24010767212193718,-0.4205213579231287,-1.1574148520783236,-0.35384365112247473,-0.6314362180039935,0.0,0.0,0.0,0.0,1.0,0.0,0.0,0.0,0.0,0.0,0.0,0.0,0.0,1.0,0.0,0.0,0.0,0.0,0.0,0.0,0.0,0.0,1.0,0.0,0.0,1.0,0.0,0.0,0.0,0.0,0.0,1.0,0.0
0.5310879704876009,0.0,-0.5189147444571333,-0.24010767212193718,-0.5216591621787715,0.40733054880009173,-0.35384365112247473,0.1622030020656923,0.0,0.0,0.0,0.0,1.0,0.0,0.0,0.0,0.0,0.0,0.0,0.0,0.0,1.0,0.0,0.0,0.0,0.0,0.0,0.0,0.0,1.0,0.0,0.0,0.0,0.0,1.0,0.0,0.0,0.0,0.0,0.0,1.0
-0.543597537244272,0.0,-0.5189147444571333,1.7602964596488542,-0.5257046743489971,-1.1574148520783236,-0.9225209475692981,1.448445875971735,0.0,0.0,0.0,0.0,0.0,0.0,0.0,1.0,0.0,0.0,0.0,0.0,1.0,0.0,0.0,0.0,0.0,0.0,0.0,0.0,1.0,0.0,0.0,0.0,0.0,1.0,0.0,0.0,0.0,0.0,0.0,0.0,1.0
0.1728594679103057,0.0,-0.2195670478705561,-0.24010767212193718,-0.21824574941184322,0.40733054880009173,-0.35384365112247473,-0.19356630348278758,0.0,0.0,0.0,0.0,1.0,0.0,0.0,0.0,0.0,0.0,0.0,0.0,0.0,1.0,0.0,0.0,0.0,0.0,0.0,0.0,0.0,0.0,1.0,0.0,0.0,1.0,0.0,0.0,0.0,0.0,0.0,1.0,0.0
-1.2600545423988496,0.0,-0.41913217892827426,-0.24010767212193718,-0.4205213579231287,-1.1574148520783236,-0.35384365112247473,0.4906054379565968,0.0,0.0,0.0,0.0,1.0,0.0,0.0,0.0,0.0,0.0,0.0,0.0,0.0,0.0,1.0,0.0,0.0,0.0,0.0,1.0,0.0,0.0,0.0,0.0,1.0,0.0,0.0,0.0,0.0,0.0,0.0,1.0,0.0
0.1728594679103057,0.0,-0.41913217892827426,-0.24010767212193718,-0.4205213579231287,0.40733054880009173,1.920865534664819,1.0653097007656798,0.0,0.0,0.0,0.0,1.0,0.0,0.0,0.0,0.0,0.0,0.0,0.0,0.0,1.0,0.0,0.0,0.0,0.0,0.0,0.0,0.0,0.0,1.0,0.0,0.0,1.0,0.0,1.0,0.0,0.0,0.0,0.0,0.0
-0.18536903466698312,0.0,0.711736897065462,-1.2403097410079404,0.7526771714423272,1.972075949678507,0.7835109417711721,1.3663452669990088,0.0,0.0,0.0,0.0,1.0,0.0,0.0,0.0,0.0,0.0,0.0,0.0,0.0,1.0,0.0,0.0,0.0,0.0,0.0,0.0,0.0,0.0,1.0,0.0,0.0,1.0,0.0,0.0,0.0,0.0,0.0,0.0,1.0
0.1728594679103057,0.0,-0.5122625734218761,-0.8652339659258411,-0.51356813783832,0.40733054880009173,0.21483364532434868,-0.0567319551949107,0.0,0.0,0.0,0.0,1.0,0.0,0.0,0.0,0.0,0.0,0.0,0.0,0.0,1.0,0.0,0.0,0.0,0.0,0.0,0.0,0.0,0.0,1.0,0.0,0.0,1.0,0.0,0.0,0.0,0.0,0.0,1.0,0.0
0.1728594679103057,0.0,-0.10315405475355381,-0.2530135074370337,-0.10011679404125248,-1.1574148520783236,-0.35384365112247473,-0.11146569451006146,0.0,0.0,0.0,0.0,1.0,0.0,0.0,0.0,0.0,0.0,0.0,0.0,0.0,1.0,0.0,0.0,0.0,0.0,0.0,0.0,0.0,0.0,1.0,0.0,0.0,1.0,0.0,0.0,0.0,0.0,0.0,1.0,0.0
-0.543597537244272,0.0,-0.5122625734218761,-0.8652339659258411,-0.51356813783832,0.40733054880009173,-0.35384365112247473,0.2716704806959938,0.0,0.0,0.0,0.0,1.0,0.0,0.0,0.0,0.0,0.0,0.0,0.0,0.0,1.0,0.0,0.0,0.0,0.0,0.0,0.0,0.0,1.0,0.0,0.0,0.0,0.0,1.0,0.0,0.0,0.0,0.0,1.0,0.0
0.1728594679103057,0.0,-0.412480007893017,1.3731214662093065,-0.4205213579231287,0.40733054880009173,1.920865534664819,1.0653097007656798,0.0,0.0,0.0,0.0,1.0,0.0,0.0,0.0,0.0,0.0,0.0,0.0,0.0,1.0,0.0,0.0,0.0,0.0,0.0,0.0,0.0,0.0,1.0,0.0,0.0,1.0,0.0,0.0,0.0,1.0,0.0,0.0,0.0
0.1728594679103057,0.0,0.9778237384757529,-0.24010767212193718,0.9954079016558698,0.40733054880009173,-0.35384365112247473,0.8190078738475013,0.0,0.0,0.0,0.0,1.0,0.0,0.0,0.0,0.0,0.0,0.0,0.0,0.0,1.0,0.0,0.0,0.0,0.0,0.0,0.0,0.0,0.0,1.0,0.0,0.0,1.0,0.0,0.0,0.0,0.0,0.0,1.0,0.0
-1.6182830449761447,0.0,-0.5189147444571333,-0.24010767212193718,-0.5216591621787715,-1.1574148520783236,-0.35384365112247473,-1.7808447436221593,0.0,0.0,0.0,1.0,0.0,0.0,0.0,0.0,0.0,0.0,0.0,0.0,0.0,0.0,0.0,0.0,0.0,0.0,1.0,0.0,0.0,1.0,0.0,0.0,0.0,0.0,1.0,0.0,0.0,0.0,0.0,1.0,0.0
0.1728594679103057,0.0,-0.5189147444571333,0.36001356800942175,-0.5228728158298391,0.40733054880009173,-0.35384365112247473,0.0527355234353908,0.0,0.0,0.0,0.0,1.0,0.0,0.0,0.0,0.0,0.0,0.0,0.0,0.0,1.0,0.0,0.0,0.0,0.0,0.0,0.0,0.0,0.0,1.0,0.0,0.0,1.0,0.0,0.0,0.0,0.0,0.0,1.0,0.0
0.5310879704876009,0.0,-0.41913217892827426,-0.24010767212193718,-0.4205213579231287,0.40733054880009173,-0.9225209475692981,0.3537710896687199,0.0,0.0,0.0,0.0,1.0,0.0,0.0,0.0,0.0,0.0,0.0,0.0,0.0,1.0,0.0,0.0,0.0,0.0,0.0,0.0,0.0,1.0,0.0,0.0,0.0,0.0,1.0,0.0,0.0,0.0,0.0,1.0,0.0
0.1728594679103057,0.0,-0.3126974423641579,0.8470684857968389,-0.31938355366748594,0.40733054880009173,1.920865534664819,0.1622030020656923,0.0,0.0,0.0,0.0,1.0,0.0,0.0,0.0,0.0,0.0,0.0,0.0,0.0,1.0,0.0,0.0,0.0,0.0,0.0,0.0,0.0,0.0,1.0,0.0,0.0,1.0,0.0,0.0,0.0,1.0,0.0,0.0,0.0
0.8893164730648897,0.0,-0.302719185811272,2.392003028839886,-0.31938355366748594,0.40733054880009173,1.920865534664819,0.8463747435050767,0.0,0.0,0.0,0.0,1.0,0.0,0.0,0.0,0.0,0.0,0.0,0.0,0.0,1.0,0.0,0.0,0.0,0.0,0.0,0.0,0.0,0.0,1.0,0.0,0.0,1.0,0.0,0.0,0.0,1.0,0.0,0.0,0.0
-1.6182830449761447,0.0,-0.2195670478705561,-0.24010767212193718,-0.21824574941184322,0.40733054880009173,0.21483364532434868,-0.19356630348278758,0.0,1.0,0.0,0.0,0.0,0.0,0.0,0.0,0.0,0.0,0.0,0.0,0.0,0.0,0.0,0.0,0.0,1.0,0.0,0.0,0.0,1.0,0.0,0.0,0.0,0.0,1.0,0.0,0.0,0.0,0.0,1.0,0.0
0.1728594679103057,0.0,1.443475710943762,1.3731214662093065,1.3999591186784408,0.40733054880009173,1.920865534664819,1.010575961450529,0.0,0.0,0.0,0.0,1.0,0.0,0.0,0.0,0.0,0.0,0.0,0.0,0.0,1.0,0.0,0.0,0.0,0.0,0.0,0.0,0.0,0.0,1.0,0.0,0.0,1.0,0.0,0.0,0.0,1.0,0.0,0.0,0.0
-0.543597537244272,0.0,-0.5105995306630617,-0.08623043490954643,-0.51356813783832,-1.1574148520783236,-0.9225209475692981,0.654806655902049,0.0,0.0,0.0,0.0,1.0,0.0,0.0,0.0,0.0,0.0,0.0,0.0,0.0,1.0,0.0,0.0,0.0,0.0,0.0,0.0,0.0,1.0,0.0,0.0,0.0,0.0,1.0,0.0,0.0,0.0,0.0,1.0,0.0
0.1728594679103057,0.0,-0.5122625734218761,-0.8652339659258411,-0.51356813783832,0.40733054880009173,0.21483364532434868,-0.0567319551949107,0.0,0.0,0.0,0.0,1.0,0.0,0.0,0.0,0.0,0.0,0.0,0.0,0.0,1.0,0.0,0.0,0.0,0.0,0.0,0.0,0.0,0.0,1.0,0.0,0.0,1.0,0.0,0.0,0.0,0.0,0.0,1.0,0.0
-0.18536903466698312,0.0,-0.41913217892827426,-0.24010767212193718,-0.4205213579231287,1.972075949678507,0.7835109417711721,1.3663452669990088,0.0,0.0,0.0,0.0,1.0,0.0,0.0,0.0,0.0,0.0,0.0,0.0,0.0,1.0,0.0,0.0,0.0,0.0,0.0,0.0,0.0,0.0,1.0,0.0,0.0,1.0,0.0,0.0,0.0,0.0,0.0,0.0,1.0
-0.9018260398215607,0.0,1.376954000591189,-0.24010767212193718,1.3999591186784408,1.972075949678507,0.7835109417711721,1.3663452669990088,0.0,0.0,0.0,0.0,1.0,0.0,0.0,0.0,0.0,0.0,0.0,0.0,0.0,1.0,0.0,0.0,0.0,0.0,0.0,0.0,0.0,0.0,1.0,0.0,0.0,1.0,0.0,0.0,0.0,0.0,0.0,0.0,1.0
-0.18536903466698312,0.0,-0.5189147444571333,-0.24010767212193718,-0.5216591621787715,0.40733054880009173,-0.35384365112247473,-0.1388325641676368,0.0,0.0,0.0,0.0,0.0,1.0,0.0,0.0,0.0,0.0,0.0,0.0,0.0,0.0,0.0,0.0,1.0,0.0,0.0,1.0,0.0,0.0,0.0,0.0,1.0,0.0,0.0,0.0,0.0,0.0,0.0,0.0,1.0
-0.9018260398215607,0.0,1.8758668282354847,-0.24010767212193718,1.9056481399566545,1.972075949678507,0.7835109417711721,1.3663452669990088,0.0,0.0,0.0,0.0,1.0,0.0,0.0,0.0,0.0,0.0,0.0,0.0,0.0,1.0,0.0,0.0,0.0,0.0,0.0,0.0,0.0,0.0,1.0,0.0,0.0,1.0,0.0,0.0,0.0,0.0,0.0,0.0,1.0
-0.18536903466698312,0.0,-0.5189147444571333,-0.24010767212193718,-0.5216591621787715,0.40733054880009173,-0.35384365112247473,0.0527355234353908,0.0,0.0,0.0,0.0,1.0,0.0,0.0,0.0,0.0,0.0,0.0,0.0,0.0,0.0,1.0,0.0,0.0,0.0,0.0,1.0,0.0,0.0,0.0,0.0,1.0,0.0,0.0,0.0,0.0,0.0,0.0,0.0,1.0
-0.543597537244272,0.0,-0.41913217892827426,-1.2403097410079404,-0.41647584575290303,-1.1574148520783236,-0.35384365112247473,0.32640422001114455,0.0,0.0,0.0,0.0,1.0,0.0,0.0,0.0,0.0,0.0,0.0,0.0,0.0,1.0,0.0,0.0,0.0,0.0,0.0,0.0,0.0,1.0,0.0,0.0,0.0,0.0,1.0,0.0,0.0,0.0,1.0,0.0,0.0
0.1728594679103057,0.0,0.7782586074180348,-0.24010767212193718,0.7931322931445842,0.40733054880009173,0.21483364532434868,0.10746926275054156,0.0,0.0,0.0,0.0,1.0,0.0,0.0,0.0,0.0,0.0,0.0,0.0,0.0,1.0,0.0,0.0,0.0,0.0,0.0,0.0,0.0,0.0,1.0,0.0,0.0,1.0,0.0,0.0,0.0,0.0,0.0,1.0,0.0
0.5310879704876009,0.0,-0.5787842837744488,-0.24010767212193718,-0.5823418447321571,0.40733054880009173,0.21483364532434868,-1.4798091773888302,0.0,0.0,0.0,0.0,1.0,0.0,0.0,0.0,0.0,0.0,0.0,0.0,0.0,1.0,0.0,0.0,0.0,0.0,0.0,0.0,0.0,1.0,0.0,0.0,0.0,0.0,1.0,0.0,0.0,0.0,0.0,1.0,0.0
0.1728594679103057,0.0,0.3791283453025984,-0.24010767212193718,0.3885810761220133,0.40733054880009173,0.21483364532434868,-0.19356630348278758,0.0,0.0,0.0,0.0,1.0,0.0,0.0,0.0,0.0,0.0,0.0,0.0,0.0,1.0,0.0,0.0,0.0,0.0,0.0,0.0,0.0,0.0,1.0,0.0,0.0,1.0,0.0,0.0,0.0,0.0,0.0,1.0,0.0
-0.18536903466698312,0.0,-0.020001916812837917,-0.24010767212193718,-0.015970140900557706,1.972075949678507,0.7835109417711721,1.3663452669990088,0.0,0.0,0.0,0.0,1.0,0.0,0.0,0.0,0.0,0.0,0.0,0.0,0.0,1.0,0.0,0.0,0.0,0.0,0.0,0.0,0.0,0.0,1.0,0.0,0.0,1.0,0.0,0.0,0.0,0.0,0.0,0.0,1.0
1.9640019807967561,0.0,0.4789109108314575,-0.24010767212193718,0.48971888037765604,0.40733054880009173,0.7835109417711721,0.9284753524778028,0.0,0.0,0.0,0.0,1.0,0.0,0.0,0.0,0.0,0.0,0.0,0.0,0.0,1.0,0.0,0.0,0.0,0.0,0.0,0.0,0.0,0.0,1.0,0.0,0.0,1.0,0.0,0.0,0.0,0.0,0.0,1.0,0.0
-0.18536903466698312,0.0,2.8736924835240756,-0.24010767212193718,2.917026182513082,1.972075949678507,0.7835109417711721,1.3663452669990088,0.0,0.0,0.0,0.0,1.0,0.0,0.0,0.0,0.0,0.0,0.0,0.0,0.0,1.0,0.0,0.0,0.0,0.0,0.0,0.0,0.0,0.0,1.0,0.0,0.0,1.0,0.0,0.0,0.0,0.0,0.0,0.0,1.0
1.9640019807967561,0.0,-0.2195670478705561,-0.24010767212193718,-0.21824574941184322,0.40733054880009173,-0.9225209475692981,0.8737416131626521,0.0,0.0,0.0,0.0,1.0,0.0,0.0,0.0,0.0,0.0,0.0,0.0,0.0,1.0,0.0,0.0,0.0,0.0,0.0,0.0,0.0,0.0,1.0,0.0,0.0,1.0,0.0,0.0,0.0,0.0,0.0,1.0,0.0
-1.6182830449761447,0.0,-0.5455234285981624,3.396990752552891,-0.5540232595405772,-1.1574148520783236,-1.4911982440161216,-1.4798091773888302,0.0,0.0,0.0,1.0,0.0,0.0,0.0,0.0,0.0,0.0,0.0,0.0,0.0,0.0,0.0,0.0,0.0,0.0,1.0,0.0,0.0,1.0,0.0,0.0,0.0,0.0,1.0,0.0,0.0,0.0,0.0,1.0,0.0
-1.6182830449761447,0.0,-0.4523930341045606,-0.6401885008765815,-0.45288545528493435,-1.1574148520783236,-0.35384365112247473,-1.7808447436221593,0.0,0.0,0.0,1.0,0.0,0.0,0.0,0.0,0.0,0.0,0.0,0.0,0.0,0.0,0.0,0.0,0.0,0.0,1.0,0.0,0.0,1.0,0.0,0.0,0.0,0.0,1.0,0.0,0.0,0.0,0.0,1.0,0.0
1.9640019807967561,0.0,-0.2195670478705561,-0.24010767212193718,-0.21824574941184322,0.40733054880009173,-0.35384365112247473,0.1622030020656923,0.0,0.0,0.0,0.0,1.0,0.0,0.0,0.0,0.0,0.0,0.0,0.0,0.0,1.0,0.0,0.0,0.0,0.0,0.0,0.0,0.0,0.0,1.0,0.0,0.0,1.0,0.0,0.0,0.0,0.0,0.0,1.0,0.0
1.9640019807967561,0.0,-0.2195670478705561,-0.24010767212193718,-0.21824574941184322,0.40733054880009173,1.920865534664819,0.7369072648747752,0.0,0.0,0.0,0.0,1.0,0.0,0.0,0.0,0.0,0.0,0.0,0.0,0.0,1.0,0.0,0.0,0.0,0.0,0.0,0.0,0.0,0.0,1.0,0.0,0.0,1.0,0.0,1.0,0.0,0.0,0.0,0.0,0.0
-0.18536903466698312,0.0,0.5454326211840302,-1.6689677671012488,0.5908566846332988,0.40733054880009173,0.21483364532434868,0.3537710896687199,0.0,0.0,0.0,0.0,1.0,0.0,0.0,0.0,0.0,0.0,0.0,0.0,0.0,1.0,0.0,0.0,0.0,0.0,0.0,0.0,0.0,0.0,1.0,0.0,0.0,1.0,0.0,0.0,0.0,0.0,0.0,1.0,0.0
0.5310879704876009,0.0,-0.41913217892827426,-0.24010767212193718,-0.4205213579231287,0.40733054880009173,-0.9225209475692981,0.3537710896687199,0.0,0.0,0.0,0.0,1.0,0.0,0.0,0.0,0.0,0.0,0.0,0.0,0.0,1.0,0.0,0.0,0.0,0.0,0.0,0.0,0.0,1.0,0.0,0.0,0.0,0.0,1.0,0.0,0.0,0.0,0.0,1.0,0.0
-0.18536903466698312,0.0,-0.5189147444571333,-0.24010767212193718,-0.5216591621787715,0.40733054880009173,0.21483364532434868,0.4085048289838707,0.0,0.0,0.0,0.0,1.0,0.0,0.0,0.0,0.0,0.0,0.0,0.0,0.0,1.0,0.0,0.0,0.0,0.0,0.0,0.0,0.0,0.0,1.0,0.0,0.0,1.0,0.0,1.0,0.0,0.0,0.0,0.0,0.0
-0.543597537244272,0.0,-0.31934961339941514,-0.24010767212193718,-0.31938355366748594,-1.1574148520783236,-0.9225209475692981,-0.1661994338252122,0.0,0.0,0.0,0.0,1.0,0.0,0.0,0.0,0.0,0.0,0.0,0.0,0.0,1.0,0.0,0.0,0.0,0.0,0.0,0.0,0.0,1.0,0.0,0.0,0.0,0.0,1.0,0.0,0.0,0.0,1.0,0.0,0.0
-1.6182830449761447,0.0,-0.41913217892827426,-0.24010767212193718,-0.4205213579231287,0.40733054880009173,-0.35384365112247473,-0.5493356090312674,0.0,1.0,0.0,0.0,0.0,0.0,0.0,0.0,0.0,0.0,0.0,0.0,0.0,0.0,0.0,0.0,0.0,1.0,0.0,0.0,0.0,1.0,0.0,0.0,0.0,0.0,1.0,0.0,0.0,0.0,0.0,1.0,0.0
0.8893164730648897,0.0,-0.41913217892827426,-0.24010767212193718,-0.4205213579231287,0.40733054880009173,2.4895428311116423,0.9011084828202274,0.0,0.0,0.0,0.0,1.0,0.0,0.0,0.0,0.0,0.0,0.0,0.0,0.0,1.0,0.0,0.0,0.0,0.0,0.0,0.0,0.0,0.0,1.0,0.0,0.0,1.0,0.0,0.0,0.0,1.0,0.0,0.0,0.0
-0.18536903466698312,0.0,0.6951064694773188,0.39293161031190293,0.6919944888889416,1.972075949678507,0.21483364532434868,0.9558422221353782,0.0,0.0,0.0,0.0,1.0,0.0,0.0,0.0,0.0,0.0,0.0,0.0,0.0,1.0,0.0,0.0,0.0,0.0,0.0,0.0,0.0,0.0,1.0,0.0,0.0,1.0,0.0,0.0,0.0,0.0,0.0,1.0,0.0
1.9640019807967561,0.0,-0.3526104685757015,1.0101449094846555,-0.35983867536974307,0.40733054880009173,1.920865534664819,0.3537710896687199,0.0,0.0,0.0,0.0,1.0,0.0,0.0,0.0,0.0,0.0,0.0,0.0,0.0,1.0,0.0,0.0,0.0,0.0,0.0,0.0,0.0,0.0,1.0,0.0,0.0,1.0,0.0,1.0,0.0,0.0,0.0,0.0,0.0
-0.18536903466698312,0.0,-0.41913217892827426,-0.24010767212193718,-0.4205213579231287,-1.1574148520783236,-0.35384365112247473,0.08010239309296617,0.0,0.0,0.0,0.0,1.0,0.0,0.0,0.0,0.0,0.0,0.0,0.0,0.0,0.0,1.0,0.0,0.0,0.0,0.0,1.0,0.0,0.0,0.0,0.0,1.0,0.0,0.0,0.0,0.0,0.0,0.0,1.0,0.0
-1.2600545423988496,0.0,-0.5355451720452765,0.8001024754386791,-0.5402685181618097,0.40733054880009173,-0.35384365112247473,0.7642741345323506,0.0,0.0,0.0,0.0,1.0,0.0,0.0,0.0,0.0,0.0,0.0,0.0,0.0,0.0,1.0,0.0,0.0,0.0,0.0,1.0,0.0,0.0,0.0,0.0,1.0,0.0,0.0,0.0,0.0,0.0,1.0,0.0,0.0
1.9640019807967561,0.0,3.0399967594055073,0.6691669310461633,3.018163986768725,-1.1574148520783236,1.920865534664819,1.2568777883687072,0.0,0.0,0.0,0.0,1.0,0.0,0.0,0.0,0.0,0.0,0.0,0.0,0.0,1.0,0.0,0.0,0.0,0.0,0.0,0.0,0.0,0.0,1.0,0.0,0.0,1.0,0.0,0.0,1.0,0.0,0.0,0.0,0.0
0.5310879704876009,0.0,-0.5189147444571333,-0.24010767212193718,-0.5216591621787715,0.40733054880009173,-0.35384365112247473,0.1622030020656923,0.0,0.0,0.0,0.0,1.0,0.0,0.0,0.0,0.0,0.0,0.0,0.0,0.0,1.0,0.0,0.0,0.0,0.0,0.0,0.0,0.0,1.0,0.0,0.0,0.0,0.0,1.0,0.0,0.0,0.0,0.0,0.0,1.0
-1.6182830449761447,0.0,-0.548849514115791,1.1887524228573734,-0.5540232595405772,-1.1574148520783236,-1.4911982440161216,-1.4798091773888302,0.0,0.0,0.0,1.0,0.0,0.0,0.0,0.0,0.0,0.0,0.0,0.0,0.0,0.0,0.0,0.0,0.0,0.0,1.0,0.0,0.0,1.0,0.0,0.0,0.0,0.0,1.0,0.0,0.0,0.0,0.0,1.0,0.0
-1.2600545423988496,0.0,-0.41913217892827426,-0.24010767212193718,-0.4205213579231287,0.40733054880009173,-0.35384365112247473,0.08010239309296617,0.0,0.0,0.0,0.0,1.0,0.0,0.0,0.0,0.0,0.0,0.0,0.0,0.0,0.0,1.0,0.0,0.0,0.0,0.0,1.0,0.0,0.0,0.0,0.0,1.0,0.0,0.0,0.0,0.0,0.0,0.0,1.0,0.0
-0.543597537244272,0.0,-0.4989582313513615,-0.24010767212193718,-0.501431601327643,-1.1574148520783236,-0.9225209475692981,-0.521968739373692,1.0,0.0,0.0,0.0,0.0,0.0,0.0,0.0,0.0,0.0,1.0,0.0,0.0,0.0,0.0,0.0,0.0,0.0,0.0,0.0,1.0,0.0,0.0,0.0,0.0,1.0,0.0,0.0,0.0,0.0,0.0,0.0,1.0
-0.18536903466698312,0.0,0.17956321424488025,-0.24010767212193718,0.1863054676107278,0.40733054880009173,0.21483364532434868,0.10746926275054156,0.0,0.0,0.0,0.0,1.0,0.0,0.0,0.0,0.0,0.0,0.0,0.0,0.0,1.0,0.0,0.0,0.0,0.0,0.0,0.0,0.0,0.0,1.0,0.0,0.0,1.0,0.0,0.0,0.0,0.0,0.0,1.0,0.0
-0.543597537244272,0.0,-0.41913217892827426,-0.24010767212193718,-0.4205213579231287,0.40733054880009173,-0.35384365112247473,0.21693674138084304,0.0,0.0,0.0,0.0,1.0,0.0,0.0,0.0,0.0,0.0,0.0,0.0,0.0,1.0,0.0,0.0,0.0,0.0,0.0,0.0,0.0,0.0,1.0,0.0,0.0,1.0,0.0,0.0,0.0,0.0,0.0,0.0,1.0
-0.18536903466698312,0.0,0.17956321424488025,-0.24010767212193718,0.1863054676107278,-1.1574148520783236,-0.35384365112247473,0.4085048289838707,0.0,0.0,0.0,0.0,1.0,0.0,0.0,0.0,0.0,0.0,0.0,0.0,0.0,0.0,1.0,0.0,0.0,0.0,0.0,1.0,0.0,0.0,0.0,0.0,1.0,0.0,0.0,0.0,0.0,0.0,0.0,1.0,0.0
0.5310879704876009,0.0,-0.41913217892827426,-0.24010767212193718,-0.4205213579231287,0.40733054880009173,-0.35384365112247473,-0.1388325641676368,0.0,0.0,0.0,0.0,1.0,0.0,0.0,0.0,0.0,0.0,0.0,0.0,0.0,1.0,0.0,0.0,0.0,0.0,0.0,0.0,0.0,1.0,0.0,0.0,0.0,0.0,1.0,0.0,0.0,0.0,0.0,0.0,1.0
1.9640019807967561,0.0,0.17956321424488025,-0.24010767212193718,0.1863054676107278,0.40733054880009173,1.920865534664819,-2.0271465705403378,0.0,0.0,0.0,0.0,1.0,0.0,0.0,0.0,0.0,0.0,0.0,0.0,0.0,1.0,0.0,0.0,0.0,0.0,0.0,0.0,0.0,0.0,1.0,0.0,0.0,1.0,0.0,0.0,0.0,0.0,1.0,0.0,0.0
-1.2600545423988496,0.0,-0.5787842837744488,-0.24010767212193718,-0.5823418447321571,-1.1574148520783236,-0.35384365112247473,-1.7808447436221593,0.0,0.0,0.0,0.0,1.0,0.0,0.0,0.0,0.0,0.0,0.0,0.0,0.0,0.0,1.0,0.0,0.0,0.0,0.0,1.0,0.0,0.0,0.0,0.0,1.0,0.0,0.0,0.0,0.0,0.0,0.0,1.0,0.0
0.5310879704876009,0.0,-0.4523930341045606,-3.280721957454561,-0.4439853285104378,-1.1574148520783236,0.21483364532434868,-0.08409882485248607,0.0,0.0,0.0,0.0,1.0,0.0,0.0,0.0,0.0,0.0,0.0,0.0,0.0,1.0,0.0,0.0,0.0,0.0,0.0,0.0,0.0,0.0,1.0,0.0,0.0,1.0,0.0,0.0,0.0,0.0,0.0,1.0,0.0
-0.543597537244272,0.0,-0.548849514115791,1.1887524228573734,-0.5540232595405772,-1.1574148520783236,-0.35384365112247473,-2.0271465705403378,0.0,0.0,0.0,0.0,1.0,0.0,0.0,0.0,0.0,0.0,0.0,0.0,0.0,1.0,0.0,0.0,0.0,0.0,0.0,0.0,0.0,0.0,1.0,1.0,0.0,0.0,0.0,0.0,0.0,0.0,0.0,1.0,0.0
1.9640019807967561,0.0,4.536735242338393,1.3731214662093065,4.434093246347723,0.40733054880009173,1.920865534664819,0.7369072648747752,0.0,0.0,0.0,0.0,1.0,0.0,0.0,0.0,0.0,0.0,0.0,0.0,0.0,1.0,0.0,0.0,0.0,0.0,0.0,0.0,0.0,0.0,1.0,0.0,0.0,1.0,0.0,1.0,0.0,0.0,0.0,0.0,0.0
1.9640019807967561,0.0,-0.31934961339941514,-0.24010767212193718,-0.31938355366748594,-1.1574148520783236,-0.35384365112247473,-0.1661994338252122,0.0,0.0,0.0,0.0,1.0,0.0,0.0,0.0,0.0,0.0,0.0,0.0,0.0,1.0,0.0,0.0,0.0,0.0,0.0,0.0,0.0,0.0,1.0,0.0,0.0,1.0,0.0,0.0,0.0,0.0,0.0,1.0,0.0
-0.18536903466698312,0.0,-0.5189147444571333,-0.24010767212193718,-0.5216591621787715,0.40733054880009173,-0.35384365112247473,0.0527355234353908,0.0,0.0,0.0,0.0,1.0,0.0,0.0,0.0,0.0,0.0,0.0,0.0,0.0,0.0,1.0,0.0,0.0,0.0,0.0,1.0,0.0,0.0,0.0,0.0,1.0,0.0,0.0,0.0,0.0,0.0,0.0,0.0,1.0
0.8893164730648897,0.0,-0.31934961339941514,-0.3734679523742932,-0.31857445123344086,0.40733054880009173,-0.9225209475692981,-0.2756669124555137,0.0,0.0,0.0,0.0,1.0,0.0,0.0,0.0,0.0,0.0,0.0,0.0,0.0,1.0,0.0,0.0,0.0,0.0,0.0,0.0,0.0,0.0,1.0,0.0,0.0,1.0,0.0,0.0,0.0,0.0,0.0,1.0,0.0
-0.18536903466698312,0.0,-0.5787842837744488,-0.24010767212193718,-0.5823418447321571,-1.1574148520783236,-0.9225209475692981,-0.1661994338252122,0.0,0.0,0.0,0.0,1.0,0.0,0.0,0.0,0.0,0.0,0.0,0.0,0.0,1.0,0.0,0.0,0.0,0.0,0.0,0.0,0.0,0.0,1.0,0.0,0.0,1.0,0.0,0.0,0.0,0.0,0.0,1.0,0.0
-1.2600545423988496,0.0,-0.4790017182455897,1.1887524228573734,-0.4852495526467401,0.40733054880009173,1.920865534664819,-2.0271465705403378,0.0,0.0,0.0,0.0,1.0,0.0,0.0,0.0,0.0,0.0,0.0,0.0,0.0,0.0,1.0,0.0,0.0,0.0,0.0,1.0,0.0,0.0,0.0,0.0,1.0,0.0,0.0,0.0,0.0,0.0,1.0,0.0,0.0
0.5310879704876009,0.0,-0.31934961339941514,-0.24010767212193718,-0.31938355366748594,0.40733054880009173,0.21483364532434868,-1.4798091773888302,0.0,0.0,0.0,0.0,1.0,0.0,0.0,0.0,0.0,0.0,0.0,0.0,0.0,1.0,0.0,0.0,0.0,0.0,0.0,0.0,0.0,1.0,0.0,0.0,0.0,0.0,1.0,0.0,0.0,0.0,0.0,1.0,0.0
-1.6182830449761447,0.0,-0.5854364548097061,1.7602964596488542,-0.5904328690726085,-1.1574148520783236,-1.4911982440161216,-4.654366057667573,0.0,0.0,0.0,0.0,0.0,1.0,0.0,0.0,0.0,0.0,0.0,0.0,0.0,0.0,0.0,1.0,0.0,0.0,0.0,0.0,0.0,1.0,0.0,0.0,0.0,0.0,1.0,0.0,0.0,0.0,0.0,1.0,0.0
0.8893164730648897,0.0,-0.5189147444571333,-0.24010767212193718,-0.5216591621787715,0.40733054880009173,1.3521882382179955,-0.11146569451006146,0.0,0.0,0.0,0.0,1.0,0.0,0.0,0.0,0.0,0.0,0.0,0.0,0.0,1.0,0.0,0.0,0.0,0.0,0.0,0.0,0.0,0.0,1.0,0.0,0.0,1.0,0.0,0.0,0.0,0.0,0.0,1.0,0.0
-0.543597537244272,0.0,-0.41913217892827426,-1.0402693296312246,-0.41728494818694817,-1.1574148520783236,-0.35384365112247473,0.0527355234353908,0.0,0.0,0.0,0.0,1.0,0.0,0.0,0.0,0.0,0.0,0.0,0.0,0.0,1.0,0.0,0.0,0.0,0.0,0.0,0.0,0.0,1.0,0.0,0.0,0.0,0.0,1.0,0.0,0.0,0.0,0.0,1.0,0.0
-1.6182830449761447,0.0,-0.5189147444571333,-0.24010767212193718,-0.5216591621787715,-1.1574148520783236,-0.35384365112247473,-1.7808447436221593,0.0,0.0,0.0,1.0,0.0,0.0,0.0,0.0,0.0,0.0,0.0,0.0,0.0,0.0,0.0,0.0,0.0,0.0,1.0,0.0,0.0,1.0,0.0,0.0,0.0,0.0,1.0,0.0,0.0,0.0,0.0,1.0,0.0
0.5310879704876009,0.0,-0.41913217892827426,-0.24010767212193718,-0.4205213579231287,0.40733054880009173,0.21483364532434868,0.10746926275054156,0.0,0.0,0.0,0.0,1.0,0.0,0.0,0.0,0.0,0.0,0.0,0.0,0.0,1.0,0.0,0.0,0.0,0.0,0.0,0.0,0.0,1.0,0.0,0.0,0.0,0.0,1.0,0.0,0.0,0.0,0.0,1.0,0.0
-1.6182830449761447,0.0,-0.522240829974762,0.10478959011402872,-0.5257046743489971,-1.1574148520783236,-0.35384365112247473,-1.7808447436221593,0.0,0.0,0.0,1.0,0.0,0.0,0.0,0.0,0.0,0.0,0.0,0.0,0.0,0.0,0.0,0.0,0.0,0.0,1.0,0.0,0.0,1.0,0.0,0.0,0.0,0.0,1.0,0.0,0.0,0.0,0.0,1.0,0.0
-0.18536903466698312,0.0,6.033473725271279,1.7602964596488542,5.850022505926722,1.972075949678507,0.7835109417711721,1.2568777883687072,0.0,0.0,0.0,0.0,1.0,0.0,0.0,0.0,0.0,0.0,0.0,0.0,0.0,1.0,0.0,0.0,0.0,0.0,0.0,0.0,0.0,0.0,1.0,0.0,0.0,1.0,0.0,1.0,0.0,0.0,0.0,0.0,0.0
-0.9018260398215607,0.0,2.8736924835240756,-0.24010767212193718,2.917026182513082,-1.1574148520783236,-0.9225209475692981,0.025368653777815425,0.0,0.0,0.0,0.0,1.0,0.0,0.0,0.0,0.0,0.0,0.0,0.0,0.0,1.0,0.0,0.0,0.0,0.0,0.0,0.0,0.0,0.0,1.0,0.0,0.0,1.0,0.0,0.0,0.0,0.0,0.0,0.0,1.0
-0.18536903466698312,0.0,-0.41913217892827426,-0.24010767212193718,-0.4205213579231287,1.972075949678507,0.7835109417711721,1.3663452669990088,0.0,0.0,0.0,0.0,1.0,0.0,0.0,0.0,0.0,0.0,0.0,0.0,0.0,1.0,0.0,0.0,0.0,0.0,0.0,0.0,0.0,0.0,1.0,0.0,0.0,1.0,0.0,0.0,0.0,0.0,0.0,0.0,1.0
-0.543597537244272,0.0,-0.23619747545869926,0.2991317002853879,-0.2392824126970169,0.40733054880009173,0.21483364532434868,0.3537710896687199,0.0,0.0,0.0,0.0,1.0,0.0,0.0,0.0,0.0,0.0,0.0,0.0,0.0,1.0,0.0,0.0,0.0,0.0,0.0,0.0,0.0,1.0,0.0,0.0,0.0,0.0,1.0,0.0,0.0,0.0,0.0,1.0,0.0
0.1728594679103057,0.0,-0.41913217892827426,-1.1402895323189766,-0.41688039696992557,0.40733054880009173,-0.35384365112247473,0.8190078738475013,0.0,0.0,0.0,0.0,1.0,0.0,0.0,0.0,0.0,0.0,0.0,0.0,0.0,1.0,0.0,0.0,0.0,0.0,0.0,0.0,0.0,0.0,1.0,0.0,0.0,1.0,0.0,0.0,0.0,0.0,0.0,1.0,0.0
0.5310879704876009,0.0,-0.31934961339941514,0.42669370513499333,-0.32342906583771164,-1.1574148520783236,-0.35384365112247473,0.654806655902049,0.0,0.0,0.0,0.0,0.0,0.0,1.0,0.0,0.0,1.0,0.0,0.0,0.0,0.0,0.0,0.0,0.0,0.0,0.0,1.0,0.0,0.0,0.0,0.0,1.0,0.0,0.0,0.0,0.0,0.0,0.0,0.0,1.0
0.8893164730648897,0.0,-0.29939310029364335,2.8855237848951525,-0.31938355366748594,0.40733054880009173,2.4895428311116423,1.1747771793959811,0.0,0.0,0.0,0.0,1.0,0.0,0.0,0.0,0.0,0.0,0.0,0.0,0.0,1.0,0.0,0.0,0.0,0.0,0.0,0.0,0.0,0.0,1.0,0.0,0.0,1.0,0.0,0.0,0.0,1.0,0.0,0.0,0.0
0.1728594679103057,0.0,-0.5189147444571333,-0.24010767212193718,-0.5216591621787715,0.40733054880009173,1.920865534664819,0.1622030020656923,0.0,0.0,0.0,0.0,1.0,0.0,0.0,0.0,0.0,0.0,0.0,0.0,0.0,1.0,0.0,0.0,0.0,0.0,0.0,0.0,0.0,0.0,1.0,0.0,0.0,1.0,0.0,0.0,0.0,1.0,0.0,0.0,0.0
-0.543597537244272,0.0,-0.5189147444571333,1.7602964596488542,-0.5257046743489971,-1.1574148520783236,-0.9225209475692981,1.448445875971735,0.0,0.0,0.0,0.0,0.0,0.0,0.0,1.0,0.0,0.0,0.0,0.0,1.0,0.0,0.0,0.0,0.0,0.0,0.0,0.0,1.0,0.0,0.0,0.0,0.0,1.0,0.0,0.0,0.0,0.0,0.0,0.0,1.0
-1.2600545423988496,0.0,-0.41913217892827426,-1.0402693296312246,-0.41728494818694817,-1.1574148520783236,-0.9225209475692981,-0.1661994338252122,0.0,0.0,0.0,0.0,1.0,0.0,0.0,0.0,0.0,0.0,0.0,0.0,0.0,0.0,1.0,0.0,0.0,0.0,0.0,1.0,0.0,0.0,0.0,0.0,1.0,0.0,0.0,0.0,0.0,0.0,0.0,1.0,0.0
-0.18536903466698312,0.0,-0.41913217892827426,-0.24010767212193718,-0.4205213579231287,0.40733054880009173,-0.35384365112247473,-0.1388325641676368,0.0,0.0,0.0,0.0,0.0,1.0,0.0,0.0,0.0,0.0,0.0,0.0,0.0,0.0,0.0,0.0,1.0,0.0,0.0,1.0,0.0,0.0,0.0,0.0,1.0,0.0,0.0,0.0,0.0,0.0,0.0,0.0,1.0
-1.2600545423988496,0.0,-0.5787842837744488,-0.24010767212193718,-0.5823418447321571,-1.1574148520783236,-0.35384365112247473,-1.7808447436221593,0.0,0.0,0.0,0.0,1.0,0.0,0.0,0.0,0.0,0.0,0.0,0.0,0.0,0.0,1.0,0.0,0.0,0.0,0.0,1.0,0.0,0.0,0.0,0.0,1.0,0.0,0.0,0.0,0.0,0.0,0.0,1.0,0.0
-0.543597537244272,0.0,-0.41913217892827426,-0.24010767212193718,-0.4205213579231287,0.40733054880009173,0.21483364532434868,0.3537710896687199,0.0,0.0,0.0,0.0,1.0,0.0,0.0,0.0,0.0,0.0,0.0,0.0,0.0,1.0,0.0,0.0,0.0,0.0,0.0,0.0,0.0,1.0,0.0,0.0,0.0,0.0,1.0,0.0,0.0,0.0,0.0,1.0,0.0
-0.543597537244272,0.0,-0.41913217892827426,-0.24010767212193718,-0.4205213579231287,0.40733054880009173,-0.9225209475692981,-0.1661994338252122,0.0,0.0,0.0,0.0,1.0,0.0,0.0,0.0,0.0,0.0,0.0,0.0,0.0,1.0,0.0,0.0,0.0,0.0,0.0,0.0,0.0,0.0,1.0,0.0,0.0,1.0,0.0,0.0,0.0,0.0,0.0,1.0,0.0
1.9640019807967561,0.0,-0.119784482341697,-0.24010767212193718,-0.11710794515620046,0.40733054880009173,-0.35384365112247473,0.1622030020656923,0.0,0.0,0.0,0.0,1.0,0.0,0.0,0.0,0.0,0.0,0.0,0.0,0.0,1.0,0.0,0.0,0.0,0.0,0.0,0.0,0.0,0.0,1.0,0.0,0.0,1.0,0.0,0.0,0.0,0.0,0.0,1.0,0.0
-0.18536903466698312,0.0,-0.41913217892827426,-0.24010767212193718,-0.4205213579231287,-1.1574148520783236,-1.4911982440161216,0.10746926275054156,0.0,0.0,0.0,0.0,0.0,0.0,0.0,0.0,1.0,0.0,0.0,0.0,1.0,0.0,0.0,0.0,0.0,0.0,0.0,0.0,1.0,0.0,0.0,0.0,0.0,1.0,0.0,0.0,0.0,0.0,0.0,0.0,1.0
-1.6182830449761447,0.0,-0.2195670478705561,-0.24010767212193718,-0.21824574941184322,0.40733054880009173,-0.35384365112247473,0.21693674138084304,0.0,1.0,0.0,0.0,0.0,0.0,0.0,0.0,0.0,0.0,0.0,0.0,0.0,0.0,0.0,0.0,0.0,1.0,0.0,0.0,0.0,1.0,0.0,0.0,0.0,0.0,1.0,0.0,0.0,0.0,0.0,1.0,0.0
-0.543597537244272,0.0,-0.5189147444571333,1.7602964596488542,-0.5257046743489971,-1.1574148520783236,-0.9225209475692981,-0.521968739373692,1.0,0.0,0.0,0.0,0.0,0.0,0.0,0.0,0.0,0.0,1.0,0.0,0.0,0.0,0.0,0.0,0.0,0.0,0.0,0.0,1.0,0.0,0.0,0.0,0.0,1.0,0.0,0.0,0.0,0.0,0.0,0.0,1.0
0.1728594679103057,0.0,0.17956321424488025,-0.24010767212193718,0.1863054676107278,0.40733054880009173,0.21483364532434868,-0.0567319551949107,0.0,0.0,0.0,0.0,1.0,0.0,0.0,0.0,0.0,0.0,0.0,0.0,0.0,1.0,0.0,0.0,0.0,0.0,0.0,0.0,0.0,0.0,1.0,0.0,0.0,1.0,0.0,0.0,0.0,0.0,0.0,1.0,0.0
0.5310879704876009,0.0,-0.41913217892827426,-0.24010767212193718,-0.4205213579231287,0.40733054880009173,-0.35384365112247473,0.1622030020656923,0.0,0.0,0.0,0.0,1.0,0.0,0.0,0.0,0.0,0.0,0.0,0.0,0.0,1.0,0.0,0.0,0.0,0.0,0.0,0.0,0.0,1.0,0.0,0.0,0.0,0.0,1.0,0.0,0.0,0.0,0.0,0.0,1.0
0.1728594679103057,0.0,-0.412480007893017,1.3731214662093065,-0.4205213579231287,0.40733054880009173,1.920865534664819,0.7642741345323506,0.0,0.0,0.0,0.0,1.0,0.0,0.0,0.0,0.0,0.0,0.0,0.0,0.0,1.0,0.0,0.0,0.0,0.0,0.0,0.0,0.0,0.0,1.0,0.0,0.0,1.0,0.0,0.0,0.0,1.0,0.0,0.0,0.0
-0.543597537244272,0.0,-0.31934961339941514,-0.24010767212193718,-0.31938355366748594,0.40733054880009173,-0.9225209475692981,-0.1661994338252122,0.0,0.0,0.0,0.0,1.0,0.0,0.0,0.0,0.0,0.0,0.0,0.0,0.0,1.0,0.0,0.0,0.0,0.0,0.0,0.0,0.0,0.0,1.0,0.0,0.0,1.0,0.0,0.0,0.0,0.0,0.0,1.0,0.0
1.9640019807967561,0.0,0.4789109108314575,-0.24010767212193718,0.48971888037765604,0.40733054880009173,-0.35384365112247473,0.2443036110384184,0.0,0.0,0.0,0.0,1.0,0.0,0.0,0.0,0.0,0.0,0.0,0.0,0.0,1.0,0.0,0.0,0.0,0.0,0.0,0.0,0.0,0.0,1.0,0.0,0.0,1.0,0.0,0.0,0.0,0.0,0.0,1.0,0.0
0.1728594679103057,0.0,-0.412480007893017,1.3731214662093065,-0.4205213579231287,0.40733054880009173,1.920865534664819,0.21693674138084304,0.0,0.0,0.0,0.0,1.0,0.0,0.0,0.0,0.0,0.0,0.0,0.0,0.0,1.0,0.0,0.0,0.0,0.0,0.0,0.0,0.0,0.0,1.0,0.0,0.0,1.0,0.0,0.0,0.0,1.0,0.0,0.0,0.0
-0.543597537244272,0.0,-0.5787842837744488,-0.24010767212193718,-0.5823418447321571,-1.1574148520783236,-0.35384365112247473,-2.0271465705403378,0.0,0.0,0.0,0.0,1.0,0.0,0.0,0.0,0.0,0.0,0.0,0.0,0.0,1.0,0.0,0.0,0.0,0.0,0.0,0.0,0.0,0.0,1.0,1.0,0.0,0.0,0.0,0.0,0.0,0.0,0.0,0.0,1.0
0.8893164730648897,0.0,-0.41913217892827426,-0.24010767212193718,-0.4205213579231287,0.40733054880009173,2.4895428311116423,0.9284753524778028,0.0,0.0,0.0,0.0,1.0,0.0,0.0,0.0,0.0,0.0,0.0,0.0,0.0,1.0,0.0,0.0,0.0,0.0,0.0,0.0,0.0,0.0,1.0,0.0,0.0,1.0,0.0,0.0,0.0,1.0,0.0,0.0,0.0
0.8893164730648897,0.0,0.4789109108314575,-0.24010767212193718,0.48971888037765604,0.40733054880009173,0.21483364532434868,0.0527355234353908,0.0,0.0,0.0,0.0,1.0,0.0,0.0,0.0,0.0,0.0,0.0,0.0,0.0,1.0,0.0,0.0,0.0,0.0,0.0,0.0,0.0,0.0,1.0,0.0,0.0,1.0,0.0,0.0,0.0,0.0,0.0,1.0,0.0
0.8893164730648897,0.0,-0.2195670478705561,-0.24010767212193718,-0.21824574941184322,0.40733054880009173,0.21483364532434868,-0.0567319551949107,0.0,0.0,0.0,0.0,1.0,0.0,0.0,0.0,0.0,0.0,0.0,0.0,0.0,1.0,0.0,0.0,0.0,0.0,0.0,0.0,0.0,0.0,1.0,0.0,0.0,1.0,0.0,0.0,0.0,0.0,0.0,1.0,0.0
1.9640019807967561,0.0,0.07978064871602117,-0.24010767212193718,0.08516766335508505,-1.1574148520783236,-0.35384365112247473,0.0527355234353908,0.0,0.0,0.0,0.0,1.0,0.0,0.0,0.0,0.0,0.0,0.0,0.0,0.0,1.0,0.0,0.0,0.0,0.0,0.0,0.0,0.0,0.0,1.0,0.0,0.0,1.0,0.0,0.0,0.0,0.0,0.0,1.0,0.0
0.5310879704876009,0.0,-0.41913217892827426,-0.24010767212193718,-0.4205213579231287,0.40733054880009173,0.21483364532434868,-0.19356630348278758,0.0,0.0,0.0,0.0,1.0,0.0,0.0,0.0,0.0,0.0,0.0,0.0,0.0,1.0,0.0,0.0,0.0,0.0,0.0,0.0,0.0,0.0,1.0,0.0,0.0,1.0,0.0,0.0,0.0,0.0,1.0,0.0,0.0
-0.18536903466698312,0.0,-0.31934961339941514,-0.24010767212193718,-0.31938355366748594,-1.1574148520783236,-0.9225209475692981,0.025368653777815425,0.0,0.0,0.0,0.0,0.0,1.0,0.0,0.0,0.0,0.0,0.0,0.0,0.0,0.0,0.0,0.0,1.0,0.0,0.0,1.0,0.0,0.0,0.0,0.0,1.0,0.0,0.0,0.0,0.0,0.0,0.0,0.0,1.0
0.5310879704876009,0.0,-0.5189147444571333,-0.24010767212193718,-0.5216591621787715,-1.1574148520783236,-0.35384365112247473,0.654806655902049,0.0,0.0,0.0,0.0,0.0,0.0,1.0,0.0,0.0,1.0,0.0,0.0,0.0,0.0,0.0,0.0,0.0,0.0,0.0,1.0,0.0,0.0,0.0,0.0,1.0,0.0,0.0,0.0,0.0,0.0,0.0,0.0,1.0
0.5310879704876009,0.0,-0.5189147444571333,-0.24010767212193718,-0.5216591621787715,0.40733054880009173,-0.9225209475692981,-0.1661994338252122,0.0,0.0,0.0,0.0,1.0,0.0,0.0,0.0,0.0,0.0,0.0,0.0,0.0,1.0,0.0,0.0,0.0,0.0,0.0,0.0,0.0,1.0,0.0,0.0,0.0,0.0,1.0,0.0,0.0,0.0,0.0,1.0,0.0
0.1728594679103057,0.0,-0.412480007893017,1.3731214662093065,-0.4205213579231287,0.40733054880009173,1.920865534664819,0.21693674138084304,0.0,0.0,0.0,0.0,1.0,0.0,0.0,0.0,0.0,0.0,0.0,0.0,0.0,1.0,0.0,0.0,0.0,0.0,0.0,0.0,0.0,0.0,1.0,0.0,0.0,1.0,0.0,0.0,0.0,1.0,0.0,0.0,0.0
0.1728594679103057,0.0,0.17956321424488025,-0.24010767212193718,0.1863054676107278,0.40733054880009173,0.21483364532434868,-0.19356630348278758,0.0,0.0,0.0,0.0,1.0,0.0,0.0,0.0,0.0,0.0,0.0,0.0,0.0,1.0,0.0,0.0,0.0,0.0,0.0,0.0,0.0,0.0,1.0,0.0,0.0,1.0,0.0,0.0,0.0,0.0,0.0,1.0,0.0
-0.543597537244272,0.0,-0.5189147444571333,-0.24010767212193718,-0.5216591621787715,0.40733054880009173,-0.9225209475692981,-0.1661994338252122,0.0,0.0,0.0,0.0,1.0,0.0,0.0,0.0,0.0,0.0,0.0,0.0,0.0,1.0,0.0,0.0,0.0,0.0,0.0,0.0,0.0,0.0,1.0,0.0,0.0,1.0,0.0,0.0,0.0,0.0,0.0,1.0,0.0
-0.543597537244272,0.0,-0.2195670478705561,-0.24010767212193718,-0.21824574941184322,-1.1574148520783236,-0.9225209475692981,1.448445875971735,0.0,0.0,0.0,0.0,1.0,0.0,0.0,0.0,0.0,0.0,0.0,0.0,0.0,1.0,0.0,0.0,0.0,0.0,0.0,0.0,0.0,0.0,1.0,0.0,0.0,1.0,0.0,0.0,0.0,0.0,0.0,0.0,1.0
-1.6182830449761447,0.0,-0.5189147444571333,-0.24010767212193718,-0.5216591621787715,-1.1574148520783236,-0.35384365112247473,-1.7808447436221593,0.0,0.0,0.0,1.0,0.0,0.0,0.0,0.0,0.0,0.0,0.0,0.0,0.0,0.0,0.0,0.0,0.0,0.0,1.0,0.0,0.0,1.0,0.0,0.0,0.0,0.0,1.0,0.0,0.0,0.0,0.0,1.0,0.0
1.9640019807967561,0.0,0.7782586074180348,-0.24010767212193718,0.7931322931445842,0.40733054880009173,-0.35384365112247473,-0.08409882485248607,0.0,0.0,0.0,0.0,1.0,0.0,0.0,0.0,0.0,0.0,0.0,0.0,0.0,1.0,0.0,0.0,0.0,0.0,0.0,0.0,0.0,0.0,1.0,0.0,0.0,1.0,0.0,0.0,0.0,0.0,0.0,1.0,0.0
-1.6182830449761447,0.0,0.3791283453025984,-0.24010767212193718,0.3885810761220133,0.40733054880009173,-0.35384365112247473,0.21693674138084304,0.0,1.0,0.0,0.0,0.0,0.0,0.0,0.0,0.0,0.0,0.0,0.0,0.0,0.0,0.0,0.0,0.0,1.0,0.0,0.0,0.0,1.0,0.0,0.0,0.0,0.0,1.0,0.0,0.0,0.0,0.0,1.0,0.0
-1.6182830449761447,0.0,-0.5189147444571333,-0.24010767212193718,-0.5216591621787715,-1.1574148520783236,-0.35384365112247473,-1.7808447436221593,0.0,0.0,0.0,1.0,0.0,0.0,0.0,0.0,0.0,0.0,0.0,0.0,0.0,0.0,0.0,0.0,0.0,0.0,1.0,0.0,0.0,1.0,0.0,0.0,0.0,0.0,1.0,0.0,0.0,0.0,0.0,1.0,0.0
-0.18536903466698312,0.0,-0.5787842837744488,-0.24010767212193718,-0.5823418447321571,-1.1574148520783236,-0.35384365112247473,-1.5071760470464055,0.0,0.0,0.0,0.0,1.0,0.0,0.0,0.0,0.0,0.0,0.0,0.0,0.0,1.0,0.0,0.0,0.0,0.0,0.0,0.0,0.0,0.0,1.0,0.0,0.0,1.0,0.0,0.0,0.0,0.0,0.0,1.0,0.0
-1.6182830449761447,0.0,-0.5787842837744488,-0.24010767212193718,-0.5823418447321571,-1.1574148520783236,-1.4911982440161216,-1.4798091773888302,0.0,0.0,0.0,1.0,0.0,0.0,0.0,0.0,0.0,0.0,0.0,0.0,0.0,0.0,0.0,0.0,0.0,0.0,1.0,0.0,0.0,1.0,0.0,0.0,0.0,0.0,1.0,0.0,0.0,0.0,0.0,1.0,0.0
-0.543597537244272,0.0,-0.5189147444571333,1.7602964596488542,-0.5257046743489971,-1.1574148520783236,-0.9225209475692981,1.448445875971735,0.0,0.0,0.0,0.0,0.0,0.0,0.0,1.0,0.0,0.0,0.0,0.0,1.0,0.0,0.0,0.0,0.0,0.0,0.0,0.0,1.0,0.0,0.0,0.0,0.0,1.0,0.0,0.0,0.0,0.0,0.0,0.0,1.0
0.8893164730648897,0.0,0.345867490126312,-1.033371380065633,0.37037627135599765,0.40733054880009173,0.21483364532434868,-0.1661994338252122,0.0,0.0,0.0,0.0,1.0,0.0,0.0,0.0,0.0,0.0,0.0,0.0,0.0,1.0,0.0,0.0,0.0,0.0,0.0,0.0,0.0,0.0,1.0,0.0,0.0,1.0,0.0,0.0,0.0,0.0,0.0,1.0,0.0
-1.6182830449761447,0.0,-0.548849514115791,1.1887524228573734,-0.5540232595405772,-1.1574148520783236,-1.4911982440161216,-1.4798091773888302,0.0,0.0,0.0,1.0,0.0,0.0,0.0,0.0,0.0,0.0,0.0,0.0,0.0,0.0,0.0,0.0,0.0,0.0,1.0,0.0,0.0,1.0,0.0,0.0,0.0,0.0,1.0,0.0,0.0,0.0,0.0,1.0,0.0
0.5310879704876009,0.0,-0.41913217892827426,-0.24010767212193718,-0.4205213579231287,0.40733054880009173,-0.35384365112247473,-0.1388325641676368,0.0,0.0,0.0,0.0,1.0,0.0,0.0,0.0,0.0,0.0,0.0,0.0,0.0,1.0,0.0,0.0,0.0,0.0,0.0,0.0,0.0,1.0,0.0,0.0,0.0,0.0,1.0,0.0,0.0,0.0,0.0,0.0,1.0
0.1728594679103057,0.0,-0.41913217892827426,-0.24010767212193718,-0.4205213579231287,0.40733054880009173,1.920865534664819,0.21693674138084304,0.0,0.0,0.0,0.0,1.0,0.0,0.0,0.0,0.0,0.0,0.0,0.0,0.0,1.0,0.0,0.0,0.0,0.0,0.0,0.0,0.0,0.0,1.0,0.0,0.0,1.0,0.0,0.0,0.0,1.0,0.0,0.0,0.0
0.5310879704876009,0.0,-0.5787842837744488,-0.24010767212193718,-0.5823418447321571,0.40733054880009173,0.21483364532434868,-1.4798091773888302,0.0,0.0,0.0,0.0,1.0,0.0,0.0,0.0,0.0,0.0,0.0,0.0,0.0,1.0,0.0,0.0,0.0,0.0,0.0,0.0,0.0,1.0,0.0,0.0,0.0,0.0,1.0,0.0,0.0,0.0,0.0,1.0,0.0
-0.18536903466698312,0.0,1.5765191316489073,-0.24010767212193718,1.6022347271897264,1.972075949678507,0.7835109417711721,1.3663452669990088,0.0,0.0,0.0,0.0,1.0,0.0,0.0,0.0,0.0,0.0,0.0,0.0,0.0,1.0,0.0,0.0,0.0,0.0,0.0,0.0,0.0,0.0,1.0,0.0,0.0,1.0,0.0,0.0,0.0,0.0,0.0,0.0,1.0
-1.6182830449761447,0.0,-0.5787842837744488,-0.24010767212193718,-0.5823418447321571,0.40733054880009173,-0.9225209475692981,-2.0818803098554883,0.0,0.0,1.0,0.0,0.0,0.0,0.0,0.0,0.0,0.0,0.0,0.0,0.0,0.0,0.0,0.0,0.0,0.0,1.0,0.0,0.0,1.0,0.0,0.0,0.0,0.0,1.0,0.0,0.0,0.0,1.0,0.0,0.0
1.9640019807967561,0.0,-0.4723495472103324,0.6691669310461633,-0.4771585283062887,0.40733054880009173,1.920865534664819,0.3537710896687199,0.0,0.0,0.0,0.0,1.0,0.0,0.0,0.0,0.0,0.0,0.0,0.0,0.0,1.0,0.0,0.0,0.0,0.0,0.0,0.0,0.0,0.0,1.0,0.0,0.0,1.0,0.0,1.0,0.0,0.0,0.0,0.0,0.0
0.1728594679103057,0.0,1.5765191316489073,2.0330788387989216,1.5010969229340836,0.40733054880009173,-0.35384365112247473,0.0527355234353908,0.0,0.0,0.0,0.0,1.0,0.0,0.0,0.0,0.0,0.0,0.0,0.0,0.0,1.0,0.0,0.0,0.0,0.0,0.0,0.0,0.0,0.0,1.0,0.0,0.0,1.0,0.0,0.0,0.0,0.0,0.0,1.0,0.0
-1.6182830449761447,0.0,-0.548849514115791,1.1887524228573734,-0.5540232595405772,0.40733054880009173,-0.9225209475692981,0.18956987172326767,0.0,0.0,1.0,0.0,0.0,0.0,0.0,0.0,0.0,0.0,0.0,0.0,0.0,0.0,0.0,0.0,0.0,0.0,1.0,0.0,0.0,1.0,0.0,0.0,0.0,0.0,1.0,0.0,0.0,0.0,0.0,1.0,0.0
0.1728594679103057,0.0,0.3791283453025984,-0.24010767212193718,0.3885810761220133,0.40733054880009173,0.21483364532434868,-0.19356630348278758,0.0,0.0,0.0,0.0,1.0,0.0,0.0,0.0,0.0,0.0,0.0,0.0,0.0,1.0,0.0,0.0,0.0,0.0,0.0,0.0,0.0,0.0,1.0,0.0,0.0,1.0,0.0,0.0,0.0,0.0,0.0,1.0,0.0
0.1728594679103057,0.0,0.17956321424488025,-0.24010767212193718,0.1863054676107278,0.40733054880009173,0.21483364532434868,-0.08409882485248607,0.0,0.0,0.0,0.0,1.0,0.0,0.0,0.0,0.0,0.0,0.0,1.0,0.0,0.0,0.0,0.0,0.0,0.0,0.0,0.0,0.0,0.0,1.0,0.0,0.0,1.0,0.0,0.0,0.0,0.0,0.0,1.0,0.0
0.8893164730648897,0.0,-0.5122625734218761,2.8855237848951525,-0.5216591621787715,0.40733054880009173,2.4895428311116423,1.448445875971735,0.0,0.0,0.0,0.0,1.0,0.0,0.0,0.0,0.0,0.0,0.0,0.0,0.0,1.0,0.0,0.0,0.0,0.0,0.0,0.0,0.0,0.0,1.0,0.0,0.0,1.0,0.0,0.0,0.0,1.0,0.0,0.0,0.0
-0.18536903466698312,0.0,0.07978064871602117,-0.24010767212193718,0.08516766335508505,1.972075949678507,0.21483364532434868,0.9558422221353782,0.0,0.0,0.0,0.0,1.0,0.0,0.0,0.0,0.0,0.0,0.0,0.0,0.0,1.0,0.0,0.0,0.0,0.0,0.0,0.0,0.0,0.0,1.0,0.0,0.0,1.0,0.0,0.0,0.0,0.0,0.0,1.0,0.0
1.9640019807967561,0.0,2.5743447869374982,-0.24010767212193718,2.6136127697461538,-1.1574148520783236,-0.35384365112247473,0.4906054379565968,0.0,0.0,0.0,0.0,1.0,0.0,0.0,0.0,0.0,0.0,0.0,0.0,0.0,1.0,0.0,0.0,0.0,0.0,0.0,0.0,0.0,0.0,1.0,0.0,0.0,1.0,0.0,0.0,0.0,0.0,0.0,1.0,0.0
0.5310879704876009,0.0,-0.41913217892827426,-0.24010767212193718,-0.4205213579231287,0.40733054880009173,-0.35384365112247473,-0.1388325641676368,0.0,0.0,0.0,0.0,1.0,0.0,0.0,0.0,0.0,0.0,0.0,0.0,0.0,1.0,0.0,0.0,0.0,0.0,0.0,0.0,0.0,1.0,0.0,0.0,0.0,0.0,1.0,0.0,0.0,0.0,0.0,0.0,1.0
0.8893164730648897,0.0,0.17956321424488025,-0.24010767212193718,0.1863054676107278,0.40733054880009173,-0.35384365112247473,-0.22093317314036295,0.0,0.0,0.0,0.0,1.0,0.0,0.0,0.0,0.0,0.0,0.0,0.0,0.0,1.0,0.0,0.0,0.0,0.0,0.0,0.0,0.0,0.0,1.0,0.0,0.0,1.0,0.0,0.0,0.0,0.0,0.0,1.0,0.0
-0.9018260398215607,0.0,1.4102148557674756,-1.8797831933117881,1.5010969229340836,1.972075949678507,0.7835109417711721,1.3663452669990088,0.0,0.0,0.0,0.0,1.0,0.0,0.0,0.0,0.0,0.0,0.0,0.0,0.0,1.0,0.0,0.0,0.0,0.0,0.0,0.0,0.0,0.0,1.0,0.0,0.0,1.0,0.0,0.0,0.0,0.0,0.0,0.0,1.0
0.5310879704876009,0.0,-0.2195670478705561,-0.24010767212193718,-0.21824574941184322,0.40733054880009173,-0.35384365112247473,0.1622030020656923,0.0,0.0,0.0,0.0,1.0,0.0,0.0,0.0,0.0,0.0,0.0,0.0,0.0,1.0,0.0,0.0,0.0,0.0,0.0,0.0,0.0,1.0,0.0,0.0,0.0,0.0,1.0,0.0,0.0,0.0,0.0,1.0,0.0
-1.6182830449761447,0.0,-0.5189147444571333,-0.24010767212193718,-0.5216591621787715,-1.1574148520783236,-1.4911982440161216,-1.4798091773888302,0.0,0.0,0.0,1.0,0.0,0.0,0.0,0.0,0.0,0.0,0.0,0.0,0.0,0.0,0.0,0.0,0.0,0.0,1.0,0.0,0.0,1.0,0.0,0.0,0.0,0.0,1.0,0.0,0.0,0.0,0.0,1.0,0.0
-0.18536903466698312,0.0,-0.5521755996334197,-1.2403097410079404,-0.5540232595405772,-1.1574148520783236,-1.4911982440161216,0.10746926275054156,0.0,0.0,0.0,0.0,0.0,0.0,0.0,0.0,1.0,0.0,0.0,0.0,1.0,0.0,0.0,0.0,0.0,0.0,0.0,0.0,1.0,0.0,0.0,0.0,0.0,1.0,0.0,0.0,0.0,0.0,0.0,0.0,1.0
1.9640019807967561,0.0,-0.5521755996334197,-1.2403097410079404,-0.5540232595405772,0.40733054880009173,1.920865534664819,-2.0271465705403378,0.0,0.0,0.0,0.0,1.0,0.0,0.0,0.0,0.0,0.0,0.0,0.0,0.0,1.0,0.0,0.0,0.0,0.0,0.0,0.0,0.0,0.0,1.0,0.0,0.0,1.0,0.0,0.0,0.0,0.0,1.0,0.0,0.0
-0.18536903466698312,0.0,-0.41913217892827426,-0.24010767212193718,-0.4205213579231287,1.972075949678507,0.7835109417711721,1.3663452669990088,0.0,0.0,0.0,0.0,1.0,0.0,0.0,0.0,0.0,0.0,0.0,0.0,0.0,1.0,0.0,0.0,0.0,0.0,0.0,0.0,0.0,0.0,1.0,0.0,0.0,1.0,0.0,0.0,0.0,0.0,0.0,0.0,1.0
0.5310879704876009,0.0,-0.5189147444571333,-1.0402693296312246,-0.5200409573106811,0.40733054880009173,-0.35384365112247473,0.4085048289838707,0.0,0.0,0.0,0.0,1.0,0.0,0.0,0.0,0.0,0.0,0.0,0.0,0.0,1.0,0.0,0.0,0.0,0.0,0.0,0.0,0.0,0.0,1.0,0.0,0.0,1.0,0.0,0.0,0.0,0.0,0.0,1.0,0.0
0.1728594679103057,0.0,-0.412480007893017,1.3731214662093065,-0.4205213579231287,0.40733054880009173,1.920865534664819,1.010575961450529,0.0,0.0,0.0,0.0,1.0,0.0,0.0,0.0,0.0,0.0,0.0,0.0,0.0,1.0,0.0,0.0,0.0,0.0,0.0,0.0,0.0,0.0,1.0,0.0,0.0,1.0,0.0,0.0,0.0,1.0,0.0,0.0,0.0
0.5310879704876009,0.0,-0.5189147444571333,-1.0402693296312246,-0.5200409573106811,0.40733054880009173,-0.35384365112247473,0.4085048289838707,0.0,0.0,0.0,0.0,1.0,0.0,0.0,0.0,0.0,0.0,0.0,0.0,0.0,1.0,0.0,0.0,0.0,0.0,0.0,0.0,0.0,0.0,1.0,0.0,0.0,1.0,0.0,0.0,0.0,0.0,0.0,1.0,0.0
-0.543597537244272,0.0,-0.4790017182455897,1.1887524228573734,-0.4852495526467401,0.40733054880009173,0.21483364532434868,0.3537710896687199,0.0,0.0,0.0,0.0,1.0,0.0,0.0,0.0,0.0,0.0,0.0,0.0,0.0,1.0,0.0,0.0,0.0,0.0,0.0,0.0,0.0,1.0,0.0,0.0,0.0,0.0,1.0,0.0,0.0,0.0,0.0,1.0,0.0
0.8893164730648897,0.0,2.175214524822062,-0.24010767212193718,2.2090615527235826,0.40733054880009173,2.4895428311116423,1.010575961450529,0.0,0.0,0.0,0.0,1.0,0.0,0.0,0.0,0.0,0.0,0.0,0.0,0.0,1.0,0.0,0.0,0.0,0.0,0.0,0.0,0.0,0.0,1.0,0.0,0.0,1.0,0.0,0.0,0.0,1.0,0.0,0.0,0.0
0.1728594679103057,0.0,-0.2195670478705561,-0.24010767212193718,-0.21824574941184322,0.40733054880009173,-0.35384365112247473,-0.19356630348278758,0.0,0.0,0.0,0.0,1.0,0.0,0.0,0.0,0.0,0.0,0.0,0.0,0.0,1.0,0.0,0.0,0.0,0.0,0.0,0.0,0.0,0.0,1.0,0.0,0.0,1.0,0.0,0.0,0.0,0.0,0.0,1.0,0.0
-1.6182830449761447,0.0,-0.5189147444571333,-0.24010767212193718,-0.5216591621787715,-1.1574148520783236,-0.35384365112247473,0.7095403952171998,0.0,0.0,0.0,1.0,0.0,0.0,0.0,0.0,0.0,0.0,0.0,0.0,0.0,0.0,0.0,0.0,0.0,0.0,1.0,0.0,0.0,1.0,0.0,0.0,0.0,0.0,1.0,0.0,0.0,0.0,0.0,1.0,0.0
0.8893164730648897,0.0,-0.5189147444571333,-0.24010767212193718,-0.5216591621787715,0.40733054880009173,1.920865534664819,1.2021440490535567,0.0,0.0,0.0,0.0,1.0,0.0,0.0,0.0,0.0,0.0,0.0,0.0,0.0,1.0,0.0,0.0,0.0,0.0,0.0,0.0,0.0,0.0,1.0,0.0,0.0,1.0,0.0,0.0,0.0,1.0,0.0,0.0,0.0
-0.543597537244272,0.0,-0.5787842837744488,-0.24010767212193718,-0.5823418447321571,-1.1574148520783236,-0.35384365112247473,-2.0271465705403378,0.0,0.0,0.0,0.0,1.0,0.0,0.0,0.0,0.0,0.0,0.0,0.0,0.0,1.0,0.0,0.0,0.0,0.0,0.0,0.0,0.0,0.0,1.0,1.0,0.0,0.0,0.0,0.0,0.0,0.0,0.0,1.0,0.0
-1.6182830449761447,0.0,-0.020001916812837917,-0.24010767212193718,-0.015970140900557706,0.40733054880009173,-0.35384365112247473,0.21693674138084304,0.0,1.0,0.0,0.0,0.0,0.0,0.0,0.0,0.0,0.0,0.0,0.0,0.0,0.0,0.0,0.0,0.0,1.0,0.0,0.0,0.0,1.0,0.0,0.0,0.0,0.0,1.0,0.0,0.0,0.0,0.0,1.0,0.0
-0.543597537244272,0.0,-0.41913217892827426,-0.24010767212193718,-0.4205213579231287,-1.1574148520783236,-0.9225209475692981,-0.521968739373692,1.0,0.0,0.0,0.0,0.0,0.0,0.0,0.0,0.0,0.0,1.0,0.0,0.0,0.0,0.0,0.0,0.0,0.0,0.0,0.0,1.0,0.0,0.0,0.0,0.0,1.0,0.0,0.0,0.0,0.0,0.0,0.0,1.0
0.5310879704876009,0.0,-0.5521755996334197,-1.2403097410079404,-0.5540232595405772,-1.1574148520783236,-0.35384365112247473,0.654806655902049,0.0,0.0,0.0,0.0,0.0,0.0,1.0,0.0,0.0,1.0,0.0,0.0,0.0,0.0,0.0,0.0,0.0,0.0,0.0,1.0,0.0,0.0,0.0,0.0,1.0,0.0,0.0,0.0,0.0,0.0,0.0,0.0,1.0
-1.6182830449761447,0.0,-0.558827770668677,6.4279061064485825,-0.57020530822148,-1.1574148520783236,-0.9225209475692981,0.654806655902049,0.0,0.0,1.0,0.0,0.0,0.0,0.0,0.0,0.0,0.0,0.0,0.0,0.0,0.0,0.0,0.0,0.0,0.0,1.0,0.0,0.0,1.0,0.0,0.0,0.0,0.0,1.0,0.0,0.0,0.0,0.0,1.0,0.0
-0.18536903466698312,0.0,0.4789109108314575,-0.24010767212193718,0.48971888037765604,0.40733054880009173,0.21483364532434868,0.3537710896687199,0.0,0.0,0.0,0.0,1.0,0.0,0.0,0.0,0.0,0.0,0.0,0.0,0.0,1.0,0.0,0.0,0.0,0.0,0.0,0.0,0.0,0.0,1.0,0.0,0.0,1.0,0.0,0.0,0.0,0.0,0.0,1.0,0.0
0.5310879704876009,0.0,-0.5189147444571333,-0.24010767212193718,-0.5216591621787715,0.40733054880009173,-0.35384365112247473,0.1622030020656923,0.0,0.0,0.0,0.0,1.0,0.0,0.0,0.0,0.0,0.0,0.0,0.0,0.0,1.0,0.0,0.0,0.0,0.0,0.0,0.0,0.0,1.0,0.0,0.0,0.0,0.0,1.0,0.0,0.0,0.0,0.0,0.0,1.0
-0.543597537244272,0.0,-0.41913217892827426,-0.24010767212193718,-0.4205213579231287,0.40733054880009173,-0.9225209475692981,0.8737416131626521,0.0,0.0,0.0,0.0,1.0,0.0,0.0,0.0,0.0,0.0,0.0,0.0,0.0,1.0,0.0,0.0,0.0,0.0,0.0,0.0,0.0,0.0,1.0,0.0,0.0,1.0,0.0,0.0,0.0,0.0,0.0,1.0,0.0
-0.18536903466698312,0.0,-0.41913217892827426,-0.24010767212193718,-0.4205213579231287,-1.1574148520783236,-0.35384365112247473,-1.5071760470464055,0.0,0.0,0.0,0.0,1.0,0.0,0.0,0.0,0.0,0.0,0.0,0.0,0.0,1.0,0.0,0.0,0.0,0.0,0.0,0.0,0.0,0.0,1.0,0.0,0.0,1.0,0.0,0.0,0.0,0.0,0.0,1.0,0.0
-1.6182830449761447,0.0,-0.5787842837744488,-0.24010767212193718,-0.5823418447321571,0.40733054880009173,-0.9225209475692981,-2.0818803098554883,0.0,0.0,1.0,0.0,0.0,0.0,0.0,0.0,0.0,0.0,0.0,0.0,0.0,0.0,0.0,0.0,0.0,0.0,1.0,0.0,0.0,1.0,0.0,0.0,0.0,0.0,1.0,0.0,0.0,0.0,1.0,0.0,0.0
0.5310879704876009,0.0,-0.31934961339941514,1.0934950823919238,-0.32747457800793744,0.40733054880009173,-0.35384365112247473,0.1622030020656923,0.0,0.0,0.0,0.0,1.0,0.0,0.0,0.0,0.0,0.0,0.0,0.0,0.0,1.0,0.0,0.0,0.0,0.0,0.0,0.0,0.0,1.0,0.0,0.0,0.0,0.0,1.0,0.0,0.0,0.0,0.0,0.0,1.0
-0.543597537244272,0.0,-0.48565388928084696,-1.2403097410079404,-0.4852495526467401,-1.1574148520783236,-0.9225209475692981,-0.521968739373692,1.0,0.0,0.0,0.0,0.0,0.0,0.0,0.0,0.0,0.0,1.0,0.0,0.0,0.0,0.0,0.0,0.0,0.0,0.0,0.0,1.0,0.0,0.0,0.0,0.0,1.0,0.0,0.0,0.0,0.0,0.0,0.0,1.0
-1.2600545423988496,0.0,-0.5787842837744488,-0.24010767212193718,-0.5823418447321571,-1.1574148520783236,-0.35384365112247473,-1.7808447436221593,0.0,0.0,0.0,0.0,1.0,0.0,0.0,0.0,0.0,0.0,0.0,0.0,0.0,0.0,1.0,0.0,0.0,0.0,0.0,1.0,0.0,0.0,0.0,0.0,1.0,0.0,0.0,0.0,0.0,0.0,0.0,1.0,0.0
-0.18536903466698312,0.0,-0.5521755996334197,-1.2403097410079404,-0.5540232595405772,0.40733054880009173,-0.35384365112247473,0.0527355234353908,0.0,0.0,0.0,0.0,1.0,0.0,0.0,0.0,0.0,0.0,0.0,0.0,0.0,0.0,1.0,0.0,0.0,0.0,0.0,1.0,0.0,0.0,0.0,0.0,1.0,0.0,0.0,0.0,0.0,0.0,0.0,0.0,1.0
-0.543597537244272,0.0,-0.41913217892827426,-0.24010767212193718,-0.4205213579231287,0.40733054880009173,-0.35384365112247473,0.21693674138084304,0.0,0.0,0.0,0.0,1.0,0.0,0.0,0.0,0.0,0.0,0.0,0.0,0.0,1.0,0.0,0.0,0.0,0.0,0.0,0.0,0.0,0.0,1.0,0.0,0.0,1.0,0.0,0.0,0.0,0.0,0.0,0.0,1.0
-1.6182830449761447,0.0,-0.5521755996334197,-1.2403097410079404,-0.5540232595405772,-1.1574148520783236,-0.35384365112247473,-1.7808447436221593,0.0,0.0,0.0,1.0,0.0,0.0,0.0,0.0,0.0,0.0,0.0,0.0,0.0,0.0,0.0,0.0,0.0,0.0,1.0,0.0,0.0,1.0,0.0,0.0,0.0,0.0,1.0,0.0,0.0,0.0,0.0,1.0,0.0
-0.18536903466698312,0.0,0.8780411729468938,-0.24010767212193718,0.894270097400227,0.40733054880009173,0.21483364532434868,0.10746926275054156,0.0,0.0,0.0,0.0,1.0,0.0,0.0,0.0,0.0,0.0,0.0,0.0,0.0,1.0,0.0,0.0,0.0,0.0,0.0,0.0,0.0,0.0,1.0,0.0,0.0,1.0,0.0,0.0,0.0,0.0,0.0,1.0,0.0
1.9640019807967561,0.0,0.8780411729468938,-0.24010767212193718,0.894270097400227,1.972075949678507,0.7835109417711721,-0.6314362180039935,0.0,0.0,0.0,0.0,1.0,0.0,0.0,0.0,0.0,0.0,0.0,0.0,0.0,1.0,0.0,0.0,0.0,0.0,0.0,0.0,0.0,0.0,1.0,0.0,0.0,1.0,0.0,0.0,0.0,0.0,0.0,1.0,0.0
1.9640019807967561,0.0,1.2771714350623302,-0.24010767212193718,1.298821314422798,0.40733054880009173,1.920865534664819,-2.0271465705403378,0.0,0.0,0.0,0.0,1.0,0.0,0.0,0.0,0.0,0.0,0.0,0.0,0.0,1.0,0.0,0.0,0.0,0.0,0.0,0.0,0.0,0.0,1.0,0.0,0.0,1.0,0.0,0.0,0.0,0.0,1.0,0.0,0.0
-1.6182830449761447,0.0,1.443475710943762,1.3731214662093065,1.3999591186784408,0.40733054880009173,-0.35384365112247473,0.2716704806959938,0.0,1.0,0.0,0.0,0.0,0.0,0.0,0.0,0.0,0.0,0.0,0.0,0.0,0.0,0.0,0.0,0.0,1.0,0.0,0.0,0.0,1.0,0.0,0.0,0.0,0.0,1.0,0.0,0.0,0.0,0.0,1.0,0.0
-1.6182830449761447,0.0,-0.48565388928084696,-1.2403097410079404,-0.4852495526467401,-1.1574148520783236,-0.9225209475692981,0.654806655902049,0.0,0.0,1.0,0.0,0.0,0.0,0.0,0.0,0.0,0.0,0.0,0.0,0.0,0.0,0.0,0.0,0.0,0.0,1.0,0.0,0.0,1.0,0.0,0.0,0.0,0.0,1.0,0.0,0.0,0.0,0.0,1.0,0.0
1.9640019807967561,0.0,-0.5189147444571333,-0.24010767212193718,-0.5216591621787715,0.40733054880009173,0.21483364532434868,0.9011084828202274,0.0,0.0,0.0,0.0,1.0,0.0,0.0,0.0,0.0,0.0,0.0,0.0,0.0,1.0,0.0,0.0,0.0,0.0,0.0,0.0,0.0,0.0,1.0,0.0,0.0,1.0,0.0,0.0,0.0,0.0,0.0,1.0,0.0
-0.9018260398215607,0.0,1.077606304004612,-0.24010767212193718,1.0965457059115125,1.972075949678507,0.7835109417711721,1.3663452669990088,0.0,0.0,0.0,0.0,1.0,0.0,0.0,0.0,0.0,0.0,0.0,0.0,0.0,1.0,0.0,0.0,0.0,0.0,0.0,0.0,0.0,0.0,1.0,0.0,0.0,1.0,0.0,0.0,0.0,0.0,0.0,0.0,1.0
-1.6182830449761447,0.0,-0.5787842837744488,-0.24010767212193718,-0.5823418447321571,-1.1574148520783236,-1.4911982440161216,-1.4798091773888302,0.0,0.0,0.0,1.0,0.0,0.0,0.0,0.0,0.0,0.0,0.0,0.0,0.0,0.0,0.0,0.0,0.0,0.0,1.0,0.0,0.0,1.0,0.0,0.0,0.0,0.0,1.0,0.0,0.0,0.0,0.0,1.0,0.0
-1.2600545423988496,0.0,-0.5189147444571333,2.1603772884034984,-0.5265137767830423,-1.1574148520783236,-0.9225209475692981,-0.1661994338252122,0.0,0.0,0.0,0.0,1.0,0.0,0.0,0.0,0.0,0.0,0.0,0.0,0.0,0.0,1.0,0.0,0.0,0.0,0.0,1.0,0.0,0.0,0.0,0.0,1.0,0.0,0.0,0.0,0.0,0.0,0.0,1.0,0.0
0.1728594679103057,0.0,2.640866497290071,0.7805066805773968,2.6136127697461538,0.40733054880009173,1.920865534664819,1.010575961450529,0.0,0.0,0.0,0.0,1.0,0.0,0.0,0.0,0.0,0.0,0.0,0.0,0.0,1.0,0.0,0.0,0.0,0.0,0.0,0.0,0.0,0.0,1.0,0.0,0.0,1.0,0.0,0.0,0.0,1.0,0.0,0.0,0.0
0.8893164730648897,0.0,-0.5189147444571333,-0.24010767212193718,-0.5216591621787715,0.40733054880009173,1.920865534664819,0.9284753524778028,0.0,0.0,0.0,0.0,1.0,0.0,0.0,0.0,0.0,0.0,0.0,0.0,0.0,1.0,0.0,0.0,0.0,0.0,0.0,0.0,0.0,0.0,1.0,0.0,0.0,1.0,0.0,0.0,0.0,1.0,0.0,0.0,0.0
0.1728594679103057,0.0,-0.31934961339941514,-0.30678780924751087,-0.3189790024504634,0.40733054880009173,0.21483364532434868,-0.08409882485248607,0.0,0.0,0.0,0.0,1.0,0.0,0.0,0.0,0.0,0.0,0.0,0.0,0.0,1.0,0.0,0.0,0.0,0.0,0.0,0.0,0.0,0.0,1.0,0.0,0.0,1.0,0.0,0.0,0.0,0.0,0.0,1.0,0.0
0.1728594679103057,0.0,-0.3692408961638447,1.7602964596488542,-0.3800662362208716,0.40733054880009173,1.3521882382179955,1.0653097007656798,0.0,0.0,0.0,0.0,1.0,0.0,0.0,0.0,0.0,0.0,0.0,0.0,0.0,1.0,0.0,0.0,0.0,0.0,0.0,0.0,0.0,0.0,1.0,0.0,0.0,1.0,0.0,0.0,0.0,1.0,0.0,0.0,0.0
-0.18536903466698312,0.0,-0.5787842837744488,-0.24010767212193718,-0.5823418447321571,-1.1574148520783236,-0.9225209475692981,-0.1661994338252122,0.0,0.0,0.0,0.0,1.0,0.0,0.0,0.0,0.0,0.0,0.0,0.0,0.0,1.0,0.0,0.0,0.0,0.0,0.0,0.0,0.0,0.0,1.0,0.0,0.0,1.0,0.0,0.0,0.0,0.0,0.0,1.0,0.0
0.8893164730648897,0.0,-0.119784482341697,-0.24010767212193718,-0.11710794515620046,0.40733054880009173,-0.35384365112247473,-0.1661994338252122,0.0,0.0,0.0,0.0,1.0,0.0,0.0,0.0,0.0,0.0,0.0,0.0,0.0,1.0,0.0,0.0,0.0,0.0,0.0,0.0,0.0,0.0,1.0,0.0,0.0,1.0,0.0,0.0,0.0,0.0,0.0,1.0,0.0
-0.18536903466698312,0.0,0.26271535218559616,-0.05139030029432284,0.267215711015242,1.972075949678507,0.7835109417711721,-0.6314362180039935,0.0,0.0,0.0,0.0,1.0,0.0,0.0,0.0,0.0,0.0,0.0,0.0,0.0,1.0,0.0,0.0,0.0,0.0,0.0,0.0,0.0,0.0,1.0,0.0,0.0,1.0,0.0,0.0,0.0,0.0,0.0,1.0,0.0
0.1728594679103057,0.0,-0.5189147444571333,-0.24010767212193718,-0.5216591621787715,0.40733054880009173,1.920865534664819,1.010575961450529,0.0,0.0,0.0,0.0,1.0,0.0,0.0,0.0,0.0,0.0,0.0,0.0,0.0,1.0,0.0,0.0,0.0,0.0,0.0,0.0,0.0,0.0,1.0,0.0,0.0,1.0,0.0,0.0,0.0,1.0,0.0,0.0,0.0
-0.18536903466698312,0.0,0.9778237384757529,-0.24010767212193718,0.9954079016558698,1.972075949678507,0.7835109417711721,1.3663452669990088,0.0,0.0,0.0,0.0,1.0,0.0,0.0,0.0,0.0,0.0,0.0,0.0,0.0,1.0,0.0,0.0,0.0,0.0,0.0,0.0,0.0,0.0,1.0,0.0,0.0,1.0,0.0,0.0,0.0,0.0,0.0,0.0,1.0
0.1728594679103057,0.0,0.7782586074180348,-0.24010767212193718,0.7931322931445842,0.40733054880009173,0.21483364532434868,0.10746926275054156,0.0,0.0,0.0,0.0,1.0,0.0,0.0,0.0,0.0,0.0,0.0,0.0,0.0,1.0,0.0,0.0,0.0,0.0,0.0,0.0,0.0,0.0,1.0,0.0,0.0,1.0,0.0,0.0,0.0,0.0,0.0,1.0,0.0
-0.18536903466698312,0.0,0.3791283453025984,-0.24010767212193718,0.3885810761220133,1.972075949678507,0.7835109417711721,-0.6314362180039935,0.0,0.0,0.0,0.0,1.0,0.0,0.0,0.0,0.0,0.0,0.0,0.0,0.0,1.0,0.0,0.0,0.0,0.0,0.0,0.0,0.0,0.0,1.0,0.0,0.0,1.0,0.0,0.0,0.0,0.0,0.0,1.0,0.0
-0.543597537244272,0.0,-0.5189147444571333,-0.24010767212193718,-0.5216591621787715,0.40733054880009173,-0.9225209475692981,-0.1661994338252122,0.0,0.0,0.0,0.0,1.0,0.0,0.0,0.0,0.0,0.0,0.0,0.0,0.0,1.0,0.0,0.0,0.0,0.0,0.0,0.0,0.0,0.0,1.0,0.0,0.0,1.0,0.0,0.0,0.0,0.0,0.0,1.0,0.0
0.8893164730648897,0.0,0.5786934763603165,-1.0736093951934051,0.6110842454844274,0.40733054880009173,0.21483364532434868,-0.08409882485248607,0.0,0.0,0.0,0.0,1.0,0.0,0.0,0.0,0.0,0.0,0.0,0.0,0.0,1.0,0.0,0.0,0.0,0.0,0.0,0.0,0.0,0.0,1.0,0.0,0.0,1.0,0.0,0.0,0.0,0.0,0.0,1.0,0.0
0.5310879704876009,0.0,-0.41913217892827426,-0.24010767212193718,-0.4205213579231287,-1.1574148520783236,-0.35384365112247473,0.654806655902049,0.0,0.0,0.0,0.0,0.0,0.0,1.0,0.0,0.0,1.0,0.0,0.0,0.0,0.0,0.0,0.0,0.0,0.0,0.0,1.0,0.0,0.0,0.0,0.0,1.0,0.0,0.0,0.0,0.0,0.0,0.0,0.0,1.0
0.1728594679103057,0.0,0.2793457797737393,-1.351443306884702,0.3076708327174991,0.40733054880009173,0.21483364532434868,-0.08409882485248607,0.0,0.0,0.0,0.0,1.0,0.0,0.0,0.0,0.0,0.0,0.0,0.0,0.0,1.0,0.0,0.0,0.0,0.0,0.0,0.0,0.0,0.0,1.0,0.0,0.0,1.0,0.0,0.0,0.0,0.0,0.0,1.0,0.0
-0.18536903466698312,0.0,1.6763016971777664,0.19476279104557195,1.6831449705942405,0.40733054880009173,0.7835109417711721,0.0527355234353908,0.0,0.0,0.0,0.0,1.0,0.0,0.0,0.0,0.0,0.0,0.0,0.0,0.0,1.0,0.0,0.0,0.0,0.0,0.0,0.0,0.0,0.0,1.0,0.0,0.0,1.0,0.0,1.0,0.0,0.0,0.0,0.0,0.0
1.9640019807967561,0.0,-0.119784482341697,-0.24010767212193718,-0.11710794515620046,0.40733054880009173,1.920865534664819,1.0653097007656798,0.0,0.0,0.0,0.0,1.0,0.0,0.0,0.0,0.0,0.0,0.0,0.0,0.0,1.0,0.0,0.0,0.0,0.0,0.0,0.0,0.0,0.0,1.0,0.0,0.0,1.0,0.0,1.0,0.0,0.0,0.0,0.0,0.0
-0.543597537244272,0.0,-0.5189147444571333,1.7602964596488542,-0.5257046743489971,-1.1574148520783236,-0.9225209475692981,1.448445875971735,0.0,0.0,0.0,0.0,0.0,0.0,0.0,1.0,0.0,0.0,0.0,0.0,1.0,0.0,0.0,0.0,0.0,0.0,0.0,0.0,1.0,0.0,0.0,0.0,0.0,1.0,0.0,0.0,0.0,0.0,0.0,0.0,1.0
-0.18536903466698312,0.0,-0.5189147444571333,-0.24010767212193718,-0.5216591621787715,0.40733054880009173,-0.35384365112247473,0.0527355234353908,0.0,0.0,0.0,0.0,1.0,0.0,0.0,0.0,0.0,0.0,0.0,0.0,0.0,0.0,1.0,0.0,0.0,0.0,0.0,1.0,0.0,0.0,0.0,0.0,1.0,0.0,0.0,0.0,0.0,0.0,0.0,0.0,1.0
0.5310879704876009,0.0,-0.41913217892827426,-2.2405118098939427,-0.4124303335826773,0.40733054880009173,-0.35384365112247473,-0.08409882485248607,0.0,0.0,0.0,0.0,1.0,0.0,0.0,0.0,0.0,0.0,0.0,0.0,0.0,1.0,0.0,0.0,0.0,0.0,0.0,0.0,0.0,0.0,1.0,0.0,0.0,1.0,0.0,0.0,0.0,0.0,0.0,1.0,0.0
-0.543597537244272,0.0,0.5454326211840302,-1.6689677671012488,0.5908566846332988,1.972075949678507,-0.35384365112247473,1.6947477028899134,0.0,1.0,0.0,0.0,0.0,0.0,0.0,0.0,0.0,0.0,0.0,0.0,0.0,0.0,0.0,0.0,0.0,1.0,0.0,0.0,0.0,1.0,0.0,0.0,0.0,0.0,1.0,0.0,0.0,0.0,0.0,0.0,1.0
-0.543597537244272,0.0,-0.5189147444571333,-0.24010767212193718,-0.5216591621787715,0.40733054880009173,-0.35384365112247473,0.21693674138084304,0.0,0.0,0.0,0.0,1.0,0.0,0.0,0.0,0.0,0.0,0.0,0.0,0.0,1.0,0.0,0.0,0.0,0.0,0.0,0.0,0.0,0.0,1.0,0.0,0.0,1.0,0.0,0.0,0.0,0.0,0.0,0.0,1.0
0.5310879704876009,0.0,-0.5189147444571333,-0.24010767212193718,-0.5216591621787715,-1.1574148520783236,-0.35384365112247473,0.654806655902049,0.0,0.0,0.0,0.0,0.0,0.0,1.0,0.0,0.0,1.0,0.0,0.0,0.0,0.0,0.0,0.0,0.0,0.0,0.0,1.0,0.0,0.0,0.0,0.0,1.0,0.0,0.0,0.0,0.0,0.0,0.0,0.0,1.0
-0.543597537244272,0.0,-0.41913217892827426,-0.24010767212193718,-0.4205213579231287,0.40733054880009173,-0.9225209475692981,-0.1661994338252122,0.0,0.0,0.0,0.0,1.0,0.0,0.0,0.0,0.0,0.0,0.0,0.0,0.0,1.0,0.0,0.0,0.0,0.0,0.0,0.0,0.0,0.0,1.0,0.0,0.0,1.0,0.0,0.0,0.0,0.0,0.0,1.0,0.0
0.1728594679103057,0.0,0.3791283453025984,-0.24010767212193718,0.3885810761220133,0.40733054880009173,0.21483364532434868,0.2443036110384184,0.0,0.0,0.0,0.0,1.0,0.0,0.0,0.0,0.0,0.0,0.0,0.0,0.0,1.0,0.0,0.0,0.0,0.0,0.0,0.0,0.0,0.0,1.0,0.0,0.0,1.0,0.0,0.0,0.0,0.0,0.0,1.0,0.0
0.1728594679103057,0.0,-0.2195670478705561,-0.24010767212193718,-0.21824574941184322,0.40733054880009173,0.21483364532434868,-0.1661994338252122,0.0,0.0,0.0,0.0,1.0,0.0,0.0,0.0,0.0,0.0,0.0,0.0,0.0,1.0,0.0,0.0,0.0,0.0,0.0,0.0,0.0,0.0,1.0,0.0,0.0,1.0,0.0,0.0,0.0,0.0,0.0,1.0,0.0
1.9640019807967561,0.0,1.4767365661200482,-0.24010767212193718,1.5010969229340836,0.40733054880009173,-0.35384365112247473,-0.1661994338252122,0.0,0.0,0.0,0.0,1.0,0.0,0.0,0.0,0.0,0.0,0.0,0.0,0.0,1.0,0.0,0.0,0.0,0.0,0.0,0.0,0.0,0.0,1.0,0.0,0.0,1.0,0.0,0.0,0.0,0.0,0.0,1.0,0.0
1.9640019807967561,0.0,1.8426059730591982,1.111516741236705,1.8045103357010117,0.40733054880009173,-0.35384365112247473,0.1622030020656923,0.0,0.0,0.0,0.0,1.0,0.0,0.0,0.0,0.0,0.0,0.0,0.0,0.0,1.0,0.0,0.0,0.0,0.0,0.0,0.0,0.0,0.0,1.0,0.0,0.0,1.0,0.0,0.0,0.0,0.0,0.0,1.0,0.0
0.5310879704876009,0.0,-0.5189147444571333,-0.24010767212193718,-0.5216591621787715,-1.1574148520783236,-1.4911982440161216,-0.19356630348278758,0.0,0.0,0.0,0.0,0.0,0.0,1.0,0.0,0.0,0.0,0.0,0.0,0.0,0.0,0.0,0.0,1.0,0.0,0.0,0.0,0.0,0.0,1.0,0.0,0.0,1.0,0.0,0.0,0.0,0.0,0.0,0.0,1.0
1.9640019807967561,0.0,2.2417362351746344,0.9229179833722009,2.2090615527235826,0.40733054880009173,-0.35384365112247473,0.1622030020656923,0.0,0.0,0.0,0.0,1.0,0.0,0.0,0.0,0.0,0.0,0.0,0.0,0.0,1.0,0.0,0.0,0.0,0.0,0.0,0.0,0.0,0.0,1.0,0.0,0.0,1.0,0.0,0.0,0.0,0.0,0.0,1.0,0.0
1.9640019807967561,0.0,0.3791283453025984,-0.24010767212193718,0.3885810761220133,0.40733054880009173,1.920865534664819,0.654806655902049,0.0,0.0,0.0,0.0,1.0,0.0,0.0,0.0,0.0,0.0,0.0,0.0,0.0,1.0,0.0,0.0,0.0,0.0,0.0,0.0,0.0,0.0,1.0,0.0,0.0,1.0,0.0,0.0,0.0,0.0,1.0,0.0,0.0
0.1728594679103057,0.0,-0.5189147444571333,-0.24010767212193718,-0.5216591621787715,0.40733054880009173,1.920865534664819,0.1622030020656923,0.0,0.0,0.0,0.0,1.0,0.0,0.0,0.0,0.0,0.0,0.0,0.0,0.0,1.0,0.0,0.0,0.0,0.0,0.0,0.0,0.0,0.0,1.0,0.0,0.0,1.0,0.0,0.0,0.0,1.0,0.0,0.0,0.0
0.1728594679103057,0.0,0.3791283453025984,0.1599731506314921,0.3804900517815619,0.40733054880009173,-0.35384365112247473,0.0527355234353908,0.0,0.0,0.0,0.0,1.0,0.0,0.0,0.0,0.0,0.0,0.0,0.0,0.0,1.0,0.0,0.0,0.0,0.0,0.0,0.0,0.0,0.0,1.0,0.0,0.0,1.0,0.0,0.0,0.0,0.0,0.0,1.0,0.0
0.5310879704876009,0.0,-0.41913217892827426,-0.24010767212193718,-0.4205213579231287,0.40733054880009173,-0.35384365112247473,0.1622030020656923,0.0,0.0,0.0,0.0,1.0,0.0,0.0,0.0,0.0,0.0,0.0,0.0,0.0,1.0,0.0,0.0,0.0,0.0,0.0,0.0,0.0,1.0,0.0,0.0,0.0,0.0,1.0,0.0,0.0,0.0,0.0,0.0,1.0
-1.6182830449761447,0.0,-0.5787842837744488,-0.24010767212193718,-0.5823418447321571,-1.1574148520783236,-1.4911982440161216,-4.654366057667573,0.0,0.0,0.0,0.0,0.0,1.0,0.0,0.0,0.0,0.0,0.0,0.0,0.0,0.0,0.0,1.0,0.0,0.0,0.0,0.0,0.0,1.0,0.0,0.0,0.0,0.0,1.0,0.0,0.0,0.0,0.0,1.0,0.0
-1.2600545423988496,0.0,-0.5189147444571333,-0.24010767212193718,-0.5216591621787715,-1.1574148520783236,-0.35384365112247473,-1.7808447436221593,0.0,0.0,0.0,0.0,1.0,0.0,0.0,0.0,0.0,0.0,0.0,0.0,0.0,0.0,1.0,0.0,0.0,0.0,0.0,1.0,0.0,0.0,0.0,0.0,1.0,0.0,0.0,0.0,0.0,0.0,0.0,1.0,0.0
0.8893164730648897,0.0,0.1695849576919943,-0.5692881011479726,0.1814508530064569,0.40733054880009173,0.21483364532434868,-0.029365085537335325,0.0,0.0,0.0,0.0,1.0,0.0,0.0,0.0,0.0,0.0,0.0,0.0,0.0,1.0,0.0,0.0,0.0,0.0,0.0,0.0,0.0,0.0,1.0,0.0,0.0,1.0,0.0,0.0,0.0,0.0,0.0,1.0,0.0
-0.9018260398215607,0.0,-0.5189147444571333,-0.24010767212193718,-0.5216591621787715,1.972075949678507,0.7835109417711721,1.3663452669990088,0.0,0.0,0.0,0.0,1.0,0.0,0.0,0.0,0.0,0.0,0.0,0.0,0.0,1.0,0.0,0.0,0.0,0.0,0.0,0.0,0.0,0.0,1.0,0.0,0.0,1.0,0.0,0.0,0.0,0.0,0.0,0.0,1.0
1.9640019807967561,0.0,6.033473725271279,-0.49015819084374174,6.15343591869365,0.40733054880009173,1.920865534664819,1.0653097007656798,0.0,0.0,0.0,0.0,1.0,0.0,0.0,0.0,0.0,0.0,0.0,0.0,0.0,1.0,0.0,0.0,0.0,0.0,0.0,0.0,0.0,0.0,1.0,0.0,0.0,1.0,0.0,1.0,0.0,0.0,0.0,0.0,0.0
-0.18536903466698312,0.0,-0.41913217892827426,-0.24010767212193718,-0.4205213579231287,0.40733054880009173,0.21483364532434868,0.10746926275054156,0.0,0.0,0.0,0.0,1.0,0.0,0.0,0.0,0.0,0.0,0.0,0.0,0.0,1.0,0.0,0.0,0.0,0.0,0.0,0.0,0.0,0.0,1.0,0.0,0.0,1.0,0.0,0.0,0.0,0.0,0.0,1.0,0.0
1.9640019807967561,0.0,0.07978064871602117,-0.24010767212193718,0.08516766335508505,0.40733054880009173,0.21483364532434868,0.9011084828202274,0.0,0.0,0.0,0.0,1.0,0.0,0.0,0.0,0.0,0.0,0.0,0.0,0.0,1.0,0.0,0.0,0.0,0.0,0.0,0.0,0.0,0.0,1.0,0.0,0.0,1.0,0.0,0.0,0.0,0.0,0.0,1.0,0.0
0.5310879704876009,0.0,-0.31934961339941514,1.0934950823919238,-0.32747457800793744,0.40733054880009173,-0.35384365112247473,0.1622030020656923,0.0,0.0,0.0,0.0,1.0,0.0,0.0,0.0,0.0,0.0,0.0,0.0,0.0,1.0,0.0,0.0,0.0,0.0,0.0,0.0,0.0,1.0,0.0,0.0,0.0,0.0,1.0,0.0,0.0,0.0,0.0,0.0,1.0
0.5310879704876009,0.0,-0.41913217892827426,-0.24010767212193718,-0.4205213579231287,0.40733054880009173,-0.35384365112247473,0.1622030020656923,0.0,0.0,0.0,0.0,1.0,0.0,0.0,0.0,0.0,0.0,0.0,0.0,0.0,1.0,0.0,0.0,0.0,0.0,0.0,0.0,0.0,1.0,0.0,0.0,0.0,0.0,1.0,0.0,0.0,0.0,0.0,0.0,1.0
-1.6182830449761447,0.0,-0.548849514115791,1.1887524228573734,-0.5540232595405772,-1.1574148520783236,-1.4911982440161216,-1.4798091773888302,0.0,0.0,0.0,1.0,0.0,0.0,0.0,0.0,0.0,0.0,0.0,0.0,0.0,0.0,0.0,0.0,0.0,0.0,1.0,0.0,0.0,1.0,0.0,0.0,0.0,0.0,1.0,0.0,0.0,0.0,0.0,1.0,0.0
-0.9018260398215607,0.0,2.37477965587978,-0.24010767212193718,2.411337161234868,1.972075949678507,0.7835109417711721,1.3663452669990088,0.0,0.0,0.0,0.0,1.0,0.0,0.0,0.0,0.0,0.0,0.0,0.0,0.0,1.0,0.0,0.0,0.0,0.0,0.0,0.0,0.0,0.0,1.0,0.0,0.0,1.0,0.0,0.0,0.0,0.0,0.0,0.0,1.0
0.1728594679103057,0.0,-0.3526104685757015,-0.49015819084374174,-0.3517476510292916,0.40733054880009173,0.21483364532434868,0.32640422001114455,0.0,0.0,0.0,0.0,1.0,0.0,0.0,0.0,0.0,0.0,0.0,0.0,0.0,1.0,0.0,0.0,0.0,0.0,0.0,0.0,0.0,0.0,1.0,0.0,0.0,1.0,0.0,0.0,0.0,0.0,0.0,1.0,0.0
-0.543597537244272,0.0,-0.41913217892827426,-0.24010767212193718,-0.4205213579231287,0.40733054880009173,-0.9225209475692981,0.10746926275054156,0.0,0.0,0.0,0.0,1.0,0.0,0.0,0.0,0.0,0.0,0.0,0.0,0.0,1.0,0.0,0.0,0.0,0.0,0.0,0.0,0.0,1.0,0.0,0.0,0.0,0.0,1.0,0.0,0.0,0.0,1.0,0.0,0.0
0.1728594679103057,0.0,1.3104322902386165,-0.4125563092411341,1.339276436125055,0.40733054880009173,0.21483364532434868,0.1622030020656923,0.0,0.0,0.0,0.0,1.0,0.0,0.0,0.0,0.0,0.0,0.0,0.0,0.0,1.0,0.0,0.0,0.0,0.0,0.0,0.0,0.0,0.0,1.0,0.0,0.0,1.0,0.0,0.0,0.0,0.0,1.0,0.0,0.0
-0.543597537244272,0.0,-0.5189147444571333,1.7602964596488542,-0.5257046743489971,-1.1574148520783236,-0.9225209475692981,-0.521968739373692,1.0,0.0,0.0,0.0,0.0,0.0,0.0,0.0,0.0,0.0,1.0,0.0,0.0,0.0,0.0,0.0,0.0,0.0,0.0,0.0,1.0,0.0,0.0,0.0,0.0,1.0,0.0,0.0,0.0,0.0,0.0,0.0,1.0
0.1728594679103057,0.0,-0.41913217892827426,-1.1402895323189766,-0.41688039696992557,0.40733054880009173,-0.35384365112247473,0.8190078738475013,0.0,0.0,0.0,0.0,1.0,0.0,0.0,0.0,0.0,0.0,0.0,0.0,0.0,1.0,0.0,0.0,0.0,0.0,0.0,0.0,0.0,0.0,1.0,0.0,0.0,1.0,0.0,0.0,0.0,0.0,0.0,1.0,0.0
-0.18536903466698312,0.0,-0.5189147444571333,-0.24010767212193718,-0.5216591621787715,-1.1574148520783236,-0.9225209475692981,0.025368653777815425,0.0,0.0,0.0,0.0,0.0,1.0,0.0,0.0,0.0,0.0,0.0,0.0,0.0,0.0,0.0,0.0,1.0,0.0,0.0,1.0,0.0,0.0,0.0,0.0,1.0,0.0,0.0,0.0,0.0,0.0,0.0,0.0,1.0
0.1728594679103057,0.0,-0.412480007893017,1.3731214662093065,-0.4205213579231287,0.40733054880009173,1.920865534664819,1.010575961450529,0.0,0.0,0.0,0.0,1.0,0.0,0.0,0.0,0.0,0.0,0.0,0.0,0.0,1.0,0.0,0.0,0.0,0.0,0.0,0.0,0.0,0.0,1.0,0.0,0.0,1.0,0.0,0.0,0.0,1.0,0.0,0.0,0.0
-0.18536903466698312,0.0,0.5786934763603165,-0.24010767212193718,0.5908566846332988,1.972075949678507,0.7835109417711721,1.3663452669990088,0.0,0.0,0.0,0.0,1.0,0.0,0.0,0.0,0.0,0.0,0.0,0.0,0.0,1.0,0.0,0.0,0.0,0.0,0.0,0.0,0.0,0.0,1.0,0.0,0.0,1.0,0.0,0.0,0.0,0.0,0.0,0.0,1.0
-1.6182830449761447,0.0,-0.5787842837744488,-0.24010767212193718,-0.5823418447321571,0.40733054880009173,-0.9225209475692981,-2.0818803098554883,0.0,0.0,1.0,0.0,0.0,0.0,0.0,0.0,0.0,0.0,0.0,0.0,0.0,0.0,0.0,0.0,0.0,0.0,1.0,0.0,0.0,1.0,0.0,0.0,0.0,0.0,1.0,0.0,0.0,0.0,1.0,0.0,0.0
-0.543597537244272,0.0,-0.41913217892827426,-1.0402693296312246,-0.41728494818694817,-1.1574148520783236,-0.35384365112247473,0.0527355234353908,0.0,0.0,0.0,0.0,1.0,0.0,0.0,0.0,0.0,0.0,0.0,0.0,0.0,1.0,0.0,0.0,0.0,0.0,0.0,0.0,0.0,1.0,0.0,0.0,0.0,0.0,1.0,0.0,0.0,0.0,0.0,1.0,0.0
0.5310879704876009,0.0,-0.5189147444571333,-0.24010767212193718,-0.5216591621787715,-1.1574148520783236,-1.4911982440161216,-0.19356630348278758,0.0,0.0,0.0,0.0,0.0,0.0,1.0,0.0,0.0,0.0,0.0,0.0,0.0,0.0,0.0,0.0,1.0,0.0,0.0,0.0,0.0,0.0,1.0,0.0,0.0,1.0,0.0,0.0,0.0,0.0,0.0,0.0,1.0
0.8893164730648897,0.0,-0.020001916812837917,-0.9069090493788687,-0.007879116560106316,0.40733054880009173,-0.35384365112247473,-0.0567319551949107,0.0,0.0,0.0,0.0,1.0,0.0,0.0,0.0,0.0,0.0,0.0,0.0,0.0,1.0,0.0,0.0,0.0,0.0,0.0,0.0,0.0,0.0,1.0,0.0,0.0,1.0,0.0,0.0,0.0,0.0,0.0,1.0,0.0
1.9640019807967561,0.0,2.8071707731715025,3.158637214926124,2.6136127697461538,0.40733054880009173,1.920865534664819,0.3537710896687199,0.0,0.0,0.0,0.0,1.0,0.0,0.0,0.0,0.0,0.0,0.0,0.0,0.0,1.0,0.0,0.0,0.0,0.0,0.0,0.0,0.0,0.0,1.0,0.0,0.0,1.0,0.0,1.0,0.0,0.0,0.0,0.0,0.0
0.1728594679103057,0.0,-0.412480007893017,1.3731214662093065,-0.4205213579231287,0.40733054880009173,1.920865534664819,1.0653097007656798,0.0,0.0,0.0,0.0,1.0,0.0,0.0,0.0,0.0,0.0,0.0,0.0,0.0,1.0,0.0,0.0,0.0,0.0,0.0,0.0,0.0,0.0,1.0,0.0,0.0,1.0,0.0,0.0,0.0,1.0,0.0,0.0,0.0
-1.2600545423988496,0.0,-0.5189147444571333,-2.2405118098939427,-0.5176136500085458,0.40733054880009173,0.21483364532434868,0.3537710896687199,0.0,0.0,0.0,0.0,1.0,0.0,0.0,0.0,0.0,0.0,0.0,0.0,0.0,0.0,1.0,0.0,0.0,0.0,0.0,1.0,0.0,0.0,0.0,0.0,1.0,0.0,0.0,0.0,0.0,0.0,0.0,1.0,0.0
-0.18536903466698312,0.0,3.0399967594055073,0.6691669310461633,3.018163986768725,0.40733054880009173,0.21483364532434868,0.10746926275054156,0.0,0.0,0.0,0.0,1.0,0.0,0.0,0.0,0.0,0.0,0.0,0.0,0.0,1.0,0.0,0.0,0.0,0.0,0.0,0.0,0.0,0.0,1.0,0.0,0.0,1.0,0.0,0.0,0.0,0.0,0.0,1.0,0.0
0.5310879704876009,0.0,-0.5189147444571333,-0.24010767212193718,-0.5216591621787715,0.40733054880009173,-0.35384365112247473,0.1622030020656923,0.0,0.0,0.0,0.0,1.0,0.0,0.0,0.0,0.0,0.0,0.0,0.0,0.0,1.0,0.0,0.0,0.0,0.0,0.0,0.0,0.0,1.0,0.0,0.0,0.0,0.0,1.0,0.0,0.0,0.0,0.0,0.0,1.0
-1.2600545423988496,0.0,-0.5189147444571333,-1.8404309811392994,-0.518422752442591,-1.1574148520783236,-1.4911982440161216,-0.1388325641676368,0.0,0.0,0.0,0.0,1.0,0.0,0.0,0.0,0.0,0.0,0.0,0.0,0.0,0.0,1.0,0.0,0.0,0.0,0.0,1.0,0.0,0.0,0.0,0.0,1.0,0.0,0.0,0.0,0.0,0.0,0.0,1.0,0.0
